{"stats":{"minecraft:killed":{"spore:inf_villager":1,"minecraft:zombie":1,"minecraft:creeper":1},"minecraft:mined":{"minecraft:sand":13},"minecraft:crafted":{"minecraft:jukebox":1},"minecraft:used":{"minecraft:netherite_sword":9,"minecraft:water_bucket":3,"betteranimalsplus:coyote_spawn_egg":1,"minecraft:firework_rocket":17,"minecraft:grass_block":3,"betteranimalsplus:lamprey_spawn_egg":1,"betteranimalsplus:crab_spawn_egg":1,"pathogen:incomplete_chicken_spawn_egg":1,"minecraft:torch":10,"minecraft:glowstone":28,"minecraft:dirt":41,"minecraft:crafting_table":1,"mcwfurnitures:oak_striped_chair":1,"minecraft:white_bed":1,"minecraft:jukebox":1},"minecraft:dropped":{"minecraft:sand":15,"minecraft:white_bed":3},"minecraft:custom":{"minecraft:time_since_rest":19045,"minecraft:sprint_one_cm":42011,"minecraft:damage_taken":320,"minecraft:walk_one_cm":150982,"minecraft:mob_kills":3,"minecraft:drop":18,"minecraft:damage_dealt":714,"minecraft:interact_with_crafting_table":1,"minecraft:fly_one_cm":123369,"minecraft:crouch_one_cm":1161,"minecraft:play_time":49992,"minecraft:deaths":1,"minecraft:sneak_time":1284,"minecraft:walk_under_water_one_cm":1181,"minecraft:aviate_one_cm":766093,"minecraft:jump":355,"minecraft:leave_game":2,"minecraft:walk_on_water_one_cm":3748,"minecraft:time_since_death":45815,"minecraft:sleep_in_bed":1,"minecraft:climb_one_cm":689,"minecraft:total_world_time":49992,"minecraft:fall_one_cm":1378},"minecraft:picked_up":{"biomesoplenty:lavender":1,"minecraft:feather":3,"spore:cerebrum":1,"minecraft:leather":1,"minecraft:sand":41,"minecraft:oak_log":1,"minecraft:white_bed":3,"minecraft:dirt":15,"man:cassette_1safetyinstructions":1,"pathogen:incompleteformmoult":3,"minecraft:rotten_flesh":1,"minecraft:beef":4,"pathogen:beast_bone":2,"spore:mutated_fiber":4,"minecraft:oxeye_daisy":1}},"DataVersion":3120}