{"stats":{"minecraft:picked_up":{"minecraft:acacia_sapling":2,"minecraft:acacia_log":1},"minecraft:custom":{"minecraft:jump":182,"minecraft:time_since_rest":6227,"minecraft:damage_taken":80,"minecraft:leave_game":2,"minecraft:play_time":6227,"minecraft:sprint_one_cm":20021,"minecraft:time_since_death":6227,"minecraft:walk_on_water_one_cm":1049,"minecraft:walk_one_cm":10725,"minecraft:sneak_time":60,"minecraft:total_world_time":6227,"minecraft:walk_under_water_one_cm":1606,"minecraft:fall_one_cm":4922,"minecraft:fly_one_cm":34090},"minecraft:mined":{"minecraft:acacia_log":1,"minecraft:acacia_leaves":2}},"DataVersion":3578}