{"stats":{"minecraft:picked_up":{"minecraft:acacia_log":1,"minecraft:acacia_sapling":2},"minecraft:custom":{"minecraft:jump":126,"minecraft:time_since_rest":3615,"minecraft:leave_game":1,"minecraft:walk_on_water_one_cm":341,"minecraft:sprint_one_cm":13831,"minecraft:play_time":3615,"minecraft:damage_taken":60,"minecraft:time_since_death":3615,"minecraft:walk_one_cm":5292,"minecraft:sneak_time":29,"minecraft:total_world_time":3615,"minecraft:walk_under_water_one_cm":424,"minecraft:fall_one_cm":2881,"minecraft:fly_one_cm":23595},"minecraft:mined":{"minecraft:acacia_log":1,"minecraft:acacia_leaves":2}},"DataVersion":3578}