{"stats":{"minecraft:picked_up":{"minecraft:crafting_table":3,"spore:mutated_heart":1,"minecraft:wheat":3,"minecraft:chicken":1,"minecraft:wooden_pickaxe":1,"minecraft:oak_log":2,"minecraft:yellow_bed":2,"minecraft:dirt":49,"minecraft:raw_copper":23,"minecraft:spruce_planks":93,"minecraft:iron_ingot":3,"minecraft:stone_pickaxe":1,"minecraft:rose_bush":4,"spore:mutated_fiber":2,"minecraft:stone_hoe":1,"biomesoplenty:hanging_cobweb":1,"minecraft:egg":1,"minecraft:furnace":3,"minecraft:raw_iron":37,"minecraft:stick":11,"spore:cerebrum":1,"minecraft:oak_door":1,"minecraft:gravel":18,"minecraft:porkchop":2,"pathogen:beast_slayer_ender":1,"minecraft:spruce_log":137,"minecraft:rotten_flesh":2,"spore:r_elytron":1,"minecraft:stone_axe":1,"minecraft:hay_block":12,"minecraft:bread":27,"minecraft:oak_sapling":6,"minecraft:coal":180,"minecraft:cobblestone":88},"minecraft:dropped":{"minecraft:chicken":1,"minecraft:rotten_flesh":2,"spore:r_elytron":1,"spore:mutated_fiber":2,"minecraft:spruce_log":37,"pathogen:beast_slayer_ender":1},"minecraft:killed":{"betteranimalsplus:coyote":1,"spore:inf_player":1,"betteranimalsplus:boar":2,"spore:inf_drowned":1,"minecraft:creeper":1,"spore:inf_pillager":2,"spore:inf_villager":3,"minecraft:skeleton":1,"minecraft:zombie":1,"spore:inf_human":6,"minecraft:chicken":1},"minecraft:used":{"spore:r_elytron":1,"minecraft:stone_pickaxe":217,"minecraft:wooden_pickaxe":15,"minecraft:iron_sword":4,"minecraft:oak_door":1,"minecraft:torch":24,"minecraft:dirt":27,"minecraft:crafting_table":2,"pathogen:beast_slayer_ender":2,"minecraft:iron_axe":86,"biomesoplenty:hanging_cobweb":1,"minecraft:bread":12,"minecraft:grass_block":4,"minecraft:stone_axe":8,"minecraft:furnace":3,"minecraft:yellow_bed":2,"minecraft:egg":1,"cgm:mini_gun":224},"minecraft:custom":{"minecraft:interact_with_furnace":5,"minecraft:mob_kills":22,"minecraft:interact_with_crafting_table":11,"minecraft:time_since_death":48466,"minecraft:sleep_in_bed":3,"minecraft:climb_one_cm":773,"minecraft:time_since_rest":48546,"minecraft:sprint_one_cm":120648,"minecraft:damage_taken":1528,"minecraft:walk_one_cm":175867,"minecraft:drop":44,"minecraft:damage_dealt":1164,"minecraft:talked_to_villager":10,"minecraft:fly_one_cm":132111,"minecraft:crouch_one_cm":2695,"minecraft:play_time":71538,"minecraft:deaths":3,"minecraft:sneak_time":1620,"minecraft:aviate_one_cm":15208,"minecraft:jump":1154,"minecraft:walk_on_water_one_cm":1243,"minecraft:total_world_time":71538,"minecraft:fall_one_cm":28631},"minecraft:broken":{"minecraft:stone_pickaxe":1},"minecraft:killed_by":{"spore:inf_villager":1,"spore:inf_human":1},"minecraft:crafted":{"minecraft:oak_planks":4,"minecraft:crafting_table":1,"minecraft:spruce_planks":100,"minecraft:wooden_pickaxe":1,"minecraft:iron_sword":1,"minecraft:furnace":1,"minecraft:stone_axe":1,"minecraft:bread":29,"minecraft:air":0,"minecraft:shield":1,"minecraft:iron_axe":1,"minecraft:stick":36,"minecraft:iron_ingot":7,"minecraft:iron_pickaxe":1,"minecraft:stone_pickaxe":2,"minecraft:torch":32,"minecraft:stone_hoe":1,"minecraft:wheat":90},"minecraft:mined":{"minecraft:crafting_table":2,"biomesoplenty:bush":2,"minecraft:grass_block":12,"minecraft:rose_bush":4,"minecraft:copper_ore":7,"minecraft:spruce_leaves":22,"biomesoplenty:sprout":1,"minecraft:wall_torch":1,"minecraft:hay_block":10,"minecraft:furnace":1,"minecraft:iron_ore":26,"minecraft:spruce_log":101,"minecraft:grass":6,"minecraft:oak_log":2,"minecraft:coal_ore":115,"biomesoplenty:webbing":2,"minecraft:gravel":9,"minecraft:dirt":29,"minecraft:stone":80,"minecraft:oak_leaves":6}},"DataVersion":3120}