{"stats":{"minecraft:dropped":{"minecraft:enchanted_book":4,"minecraft:iron_ingot":32,"minecraft:golden_horse_armor":1,"biomesoplenty:magic_planks":1,"minecraft:cobblestone":2,"minecraft:chest_minecart":1,"travelersbackpack:iron_tier_upgrade":2,"minecraft:coal":4,"minecraft:music_disc_13":1,"betteranimalsplus:golden_goose_egg":1,"minecraft:stick":1,"minecraft:diamond_horse_armor":1,"minecraft:stripped_dark_oak_wood":1,"minecraft:iron_leggings":1,"minecraft:polished_andesite_stairs":1,"minecraft:music_disc_cat":1,"minecraft:stone_slab":1,"minecraft:name_tag":1,"minecraft:iron_chestplate":1,"minecraft:diamond_pickaxe":1},"minecraft:broken":{"minecraft:iron_pickaxe":4},"minecraft:custom":{"minecraft:mob_kills":3,"minecraft:interact_with_crafting_table":39,"minecraft:open_barrel":1,"minecraft:leave_game":5,"minecraft:time_since_death":199568,"minecraft:climb_one_cm":238,"minecraft:sprint_one_cm":261295,"minecraft:walk_one_cm":894867,"minecraft:drop":28,"minecraft:play_time":340569,"minecraft:deaths":1,"minecraft:sneak_time":12988,"minecraft:walk_under_water_one_cm":7048,"minecraft:jump":2206,"minecraft:walk_on_water_one_cm":11030,"minecraft:total_world_time":340569,"minecraft:interact_with_furnace":34,"minecraft:pot_flower":3,"minecraft:sleep_in_bed":5,"minecraft:time_since_rest":5657,"minecraft:damage_taken":897,"minecraft:damage_dealt":221,"minecraft:swim_one_cm":13201,"minecraft:fly_one_cm":351797,"minecraft:open_chest":47,"minecraft:crouch_one_cm":36888,"minecraft:fall_one_cm":27836},"minecraft:killed":{"betteranimalsplus:goose":1,"minecraft:sheep":2},"minecraft:picked_up":{"minecraft:iron_chestplate":1,"cgm:basic_bullet":64,"minecraft:chest_minecart":1,"minecraft:leather_leggings":1,"minecraft:stone_slab":2,"aether:iron_gloves":1,"minecraft:oak_stairs":1,"minecraft:enchanted_book":4,"biomesoplenty:jacaranda_sapling":6,"minecraft:diamond_horse_armor":1,"minecraft:shield":1,"minecraft:music_disc_cat":1,"minecraft:red_bed":1,"minecraft:string":8,"biomesoplenty:tall_lavender":1,"minecraft:redstone_torch":1,"minecraft:iron_pickaxe":3,"minecraft:chest":2,"minecraft:stick":7,"minecraft:raw_iron":6,"minecraft:copper_ingot":8,"minecraft:torch":21,"travelersbackpack:iron_tier_upgrade":2,"minecraft:stone_button":2,"biomesoplenty:jacaranda_log":64,"minecraft:stripped_dark_oak_wood":12,"minecraft:obsidian":9,"minecraft:mutton":3,"minecraft:cobblestone":1990,"betteranimalsplus:goose_egg":4,"biomesoplenty:lavender":9,"minecraft:feather":2,"minecraft:repeater":1,"betteranimalsplus:golden_goose_egg":4,"minecraft:oak_log":256,"biomesoplenty:jacaranda_planks":2,"minecraft:gunpowder":2,"minecraft:dirt":170,"minecraft:name_tag":1,"minecraft:iron_ingot":7,"minecraft:cobweb":3,"minecraft:oak_planks":6,"minecraft:polished_andesite_stairs":1,"biomesoplenty:magic_sapling":4,"minecraft:oak_slab":2,"minecraft:music_disc_13":1,"minecraft:stone_brick_slab":4,"minecraft:gravel":1,"cgm:pistol":1,"minecraft:polished_andesite":55,"minecraft:diamond":7,"biomesoplenty:magic_planks":1,"minecraft:lever":2,"minecraft:gray_wool":1,"betteranimalsplus:fried_egg":9,"minecraft:golden_horse_armor":1,"minecraft:black_wool":1,"minecraft:coal":52,"cgm:workbench":1,"minecraft:diamond_pickaxe":2},"minecraft:mined":{"minecraft:glow_lichen":1,"minecraft:lever":2,"minecraft:stone_button":2,"minecraft:grass_block":3,"cgm:workbench":1,"biomesoplenty:jacaranda_log":60,"biomesoplenty:tall_lavender":1,"biomesoplenty:lavender":1,"minecraft:stripped_dark_oak_wood":11,"minecraft:oak_stairs":1,"minecraft:stone":1821,"biomesoplenty:jacaranda_leaves":7,"minecraft:oak_slab":2,"minecraft:stone_brick_slab":3,"minecraft:torch":2,"minecraft:polished_andesite_stairs":1,"minecraft:tall_grass":3,"minecraft:cobblestone":171,"minecraft:oak_planks":6,"minecraft:wall_torch":10,"minecraft:repeater":1,"minecraft:stone_brick_stairs":2,"minecraft:grass":2,"minecraft:coal_ore":46,"minecraft:gravel":1,"minecraft:dirt":163,"minecraft:stone_bricks":2,"minecraft:oak_leaves":2},"minecraft:crafted":{"minecraft:oak_planks":508,"minecraft:stone":276,"minecraft:lever":4,"minecraft:polished_andesite_slab":6,"minecraft:stone_stairs":36,"minecraft:stone_brick_slab":60,"minecraft:iron_boots":1,"minecraft:stone_bricks":180,"minecraft:oak_slab":84,"minecraft:crafting_table":1,"minecraft:polished_andesite_stairs":8,"minecraft:iron_helmet":1,"minecraft:air":0,"minecraft:stone_brick_stairs":52,"minecraft:iron_chestplate":1,"minecraft:stick":4,"minecraft:iron_pickaxe":1,"minecraft:oak_stairs":36,"minecraft:iron_leggings":2,"minecraft:polished_andesite":512},"minecraft:used":{"minecraft:armor_stand":2,"minecraft:spruce_slab":13,"minecraft:redstone":27,"minecraft:chest":14,"minecraft:spruce_planks":241,"minecraft:stone":497,"betteranimalsplus:fried_egg":4,"minecraft:iron_chestplate":1,"minecraft:torch":58,"minecraft:dirt":8,"minecraft:spruce_stairs":82,"minecraft:stone_stairs":17,"minecraft:spruce_fence":14,"minecraft:obsidian":3,"minecraft:stripped_spruce_log":2,"minecraft:stone_brick_slab":18,"minecraft:stripped_dark_oak_wood":163,"minecraft:grass_block":150,"minecraft:lantern":16,"minecraft:iron_axe":64,"minecraft:oak_stairs":35,"minecraft:polished_andesite_stairs":47,"minecraft:iron_helmet":1,"minecraft:iron_boots":1,"minecraft:stone_brick_stairs":77,"minecraft:barrel":2,"minecraft:stone_bricks":78,"minecraft:item_frame":1,"biomesoplenty:jacaranda_sapling":6,"minecraft:red_carpet":3,"minecraft:repeater":7,"minecraft:furnace":1,"minecraft:dark_oak_stairs":5,"cgm:pistol":3,"minecraft:polished_andesite":48,"minecraft:oak_planks":227,"minecraft:composter":4,"minecraft:sheep_spawn_egg":4,"minecraft:oak_leaves":8,"betteranimalsplus:goose_egg":7,"minecraft:dark_oak_trapdoor":2,"betteranimalsplus:golden_goose_egg":24,"minecraft:oak_slab":4,"minecraft:crafting_table":3,"minecraft:red_bed":4,"minecraft:campfire":1,"minecraft:painting":2,"minecraft:redstone_torch":4,"minecraft:sticky_piston":14,"minecraft:lever":2,"minecraft:flower_pot":3,"minecraft:diamond_pickaxe":1178,"minecraft:iron_pickaxe":989,"minecraft:stone_button":8,"minecraft:stone_slab":15,"minecraft:spruce_trapdoor":18,"minecraft:polished_andesite_slab":1,"minecraft:cobblestone":603}},"DataVersion":3120}