{"stats":{"minecraft:picked_up":{"minecraft:tipped_arrow":2,"minecraft:stick":7,"biomesoplenty:fir_sapling":10,"biomesoplenty:fir_log":126,"minecraft:white_bed":1,"minecraft:gunpowder":4,"minecraft:string":2,"minecraft:bone":3,"minecraft:arrow":5,"minecraft:cobblestone":13,"minecraft:ender_pearl":1},"minecraft:used":{"minecraft:netherite_sword":18,"minecraft:ender_pearl":9,"minecraft:wooden_pickaxe":13,"minecraft:stone":25,"minecraft:stone_axe":121,"minecraft:crafting_table":1,"minecraft:white_bed":2},"minecraft:killed":{"minecraft:zombie":2,"minecraft:stray":4,"minecraft:spider":1,"minecraft:creeper":2,"minecraft:enderman":1},"minecraft:custom":{"minecraft:time_since_rest":3745,"minecraft:sprint_one_cm":21340,"minecraft:damage_taken":270,"minecraft:walk_one_cm":31625,"minecraft:mob_kills":10,"minecraft:damage_dealt":1986,"minecraft:interact_with_crafting_table":3,"minecraft:fly_one_cm":42713,"minecraft:crouch_one_cm":3316,"minecraft:play_time":23911,"minecraft:deaths":1,"minecraft:sneak_time":1702,"minecraft:jump":246,"minecraft:leave_game":1,"minecraft:time_since_death":21806,"minecraft:sleep_in_bed":2,"minecraft:total_world_time":23911,"minecraft:fall_one_cm":2272},"minecraft:mined":{"minecraft:white_bed":1,"biomesoplenty:fir_log":127,"biomesoplenty:fir_leaves":106,"minecraft:stone":13},"minecraft:crafted":{"biomesoplenty:fir_planks":32,"minecraft:crafting_table":1,"minecraft:stick":8,"minecraft:wooden_pickaxe":1,"minecraft:stone_pickaxe":1,"minecraft:stone_axe":1}},"DataVersion":3578}