{"stats":{"minecraft:picked_up":{"minecraft:tipped_arrow":2,"minecraft:stick":10,"minecraft:crafting_table":1,"biomesoplenty:fir_button":1,"biomesoplenty:fir_sapling":13,"biomesoplenty:fir_log":134,"minecraft:porkchop":1,"minecraft:white_bed":3,"minecraft:gunpowder":4,"minecraft:string":2,"biomesoplenty:fir_door":1,"minecraft:bone":3,"minecraft:arrow":5,"biomesoplenty:fir_planks":7,"minecraft:rabbit_hide":1,"minecraft:rabbit":1,"minecraft:cobblestone":102,"minecraft:ender_pearl":1},"minecraft:broken":{"minecraft:stone_axe":1},"minecraft:used":{"minecraft:netherite_sword":18,"biomesoplenty:fir_sapling":12,"minecraft:stone_pickaxe":89,"minecraft:ender_pearl":9,"minecraft:wooden_pickaxe":13,"minecraft:stone":25,"biomesoplenty:fir_planks":7,"biomesoplenty:fir_button":1,"minecraft:stone_axe":139,"minecraft:cobblestone":22,"biomesoplenty:fir_door":3,"minecraft:crafting_table":2,"minecraft:white_bed":4,"biomesoplenty:fir_log":24},"minecraft:killed":{"minecraft:pig":1,"minecraft:zombie":2,"minecraft:stray":4,"minecraft:spider":1,"minecraft:creeper":2,"minecraft:enderman":1},"minecraft:custom":{"minecraft:time_since_rest":7397,"minecraft:sprint_one_cm":44624,"minecraft:damage_taken":270,"minecraft:walk_one_cm":127910,"minecraft:mob_kills":11,"minecraft:damage_dealt":2086,"minecraft:interact_with_crafting_table":12,"minecraft:fly_one_cm":73262,"minecraft:play_time":39004,"minecraft:crouch_one_cm":3689,"minecraft:deaths":1,"minecraft:sneak_time":1781,"minecraft:jump":456,"minecraft:leave_game":3,"minecraft:time_since_death":36899,"minecraft:sleep_in_bed":3,"minecraft:total_world_time":39004,"minecraft:fall_one_cm":5974},"minecraft:mined":{"minecraft:white_bed":3,"biomesoplenty:fir_button":1,"biomesoplenty:fir_log":138,"minecraft:crafting_table":1,"minecraft:grass":4,"biomesoplenty:fir_door":1,"biomesoplenty:fir_planks":7,"biomesoplenty:fir_leaves":106,"biomesoplenty:fir_sapling":2,"minecraft:stone":102,"minecraft:fern":1},"minecraft:crafted":{"biomesoplenty:fir_planks":256,"minecraft:crafting_table":1,"minecraft:stick":8,"minecraft:stone_pickaxe":1,"minecraft:wooden_pickaxe":1,"biomesoplenty:fir_button":21,"minecraft:stone_axe":2,"biomesoplenty:fir_door":3}},"DataVersion":3578}