{"stats":{"minecraft:dropped":{"minecraft:iron_ingot":32,"biomesoplenty:magic_planks":1,"minecraft:cobblestone":2,"minecraft:coal":4,"minecraft:stick":1,"minecraft:iron_chestplate":1,"minecraft:iron_leggings":1,"minecraft:polished_andesite_stairs":1},"minecraft:broken":{"minecraft:iron_pickaxe":1},"minecraft:custom":{"minecraft:interact_with_furnace":27,"minecraft:mob_kills":1,"minecraft:interact_with_crafting_table":26,"minecraft:leave_game":4,"minecraft:time_since_death":139935,"minecraft:climb_one_cm":238,"minecraft:time_since_rest":139935,"minecraft:damage_taken":318,"minecraft:sprint_one_cm":120738,"minecraft:walk_one_cm":276570,"minecraft:drop":12,"minecraft:damage_dealt":25,"minecraft:swim_one_cm":13201,"minecraft:fly_one_cm":168510,"minecraft:open_chest":35,"minecraft:crouch_one_cm":3880,"minecraft:play_time":139935,"minecraft:sneak_time":1996,"minecraft:walk_under_water_one_cm":4544,"minecraft:jump":1312,"minecraft:walk_on_water_one_cm":3964,"minecraft:total_world_time":139935,"minecraft:fall_one_cm":21819},"minecraft:killed":{"betteranimalsplus:goose":1},"minecraft:picked_up":{"biomesoplenty:lavender":9,"minecraft:iron_chestplate":1,"cgm:basic_bullet":64,"minecraft:repeater":1,"minecraft:leather_leggings":1,"betteranimalsplus:golden_goose_egg":1,"aether:iron_gloves":1,"biomesoplenty:jacaranda_sapling":6,"minecraft:oak_log":256,"minecraft:shield":1,"biomesoplenty:jacaranda_planks":2,"minecraft:gunpowder":2,"minecraft:dirt":3,"minecraft:string":8,"biomesoplenty:tall_lavender":1,"minecraft:iron_ingot":7,"minecraft:cobweb":3,"minecraft:redstone_torch":1,"minecraft:chest":2,"biomesoplenty:magic_sapling":4,"minecraft:polished_andesite_stairs":1,"minecraft:stick":7,"minecraft:raw_iron":6,"minecraft:copper_ingot":8,"minecraft:stone_brick_slab":3,"minecraft:torch":3,"minecraft:gravel":1,"minecraft:stone_button":2,"cgm:pistol":1,"biomesoplenty:jacaranda_log":64,"biomesoplenty:magic_planks":1,"minecraft:lever":2,"cgm:workbench":1,"minecraft:coal":42,"betteranimalsplus:goose_egg":2,"minecraft:cobblestone":236},"minecraft:crafted":{"minecraft:oak_planks":12,"minecraft:polished_andesite_stairs":4,"minecraft:iron_helmet":1,"minecraft:stone":205,"minecraft:lever":4,"minecraft:polished_andesite_slab":6,"minecraft:air":0,"minecraft:stone_stairs":36,"minecraft:stone_brick_stairs":8,"minecraft:stone_brick_slab":60,"minecraft:iron_boots":1,"minecraft:iron_chestplate":1,"minecraft:stick":4,"minecraft:iron_pickaxe":1,"minecraft:iron_leggings":2,"minecraft:stone_bricks":116,"minecraft:polished_andesite":512},"minecraft:mined":{"biomesoplenty:jacaranda_leaves":7,"minecraft:stone_brick_slab":3,"minecraft:lever":2,"minecraft:stone_button":2,"minecraft:grass_block":3,"minecraft:polished_andesite_stairs":1,"minecraft:tall_grass":3,"minecraft:cobblestone":10,"minecraft:wall_torch":1,"cgm:workbench":1,"biomesoplenty:jacaranda_log":60,"minecraft:repeater":1,"biomesoplenty:tall_lavender":1,"biomesoplenty:lavender":1,"minecraft:stone_brick_stairs":2,"minecraft:grass":2,"minecraft:coal_ore":34,"minecraft:gravel":1,"minecraft:stone":231,"minecraft:stone_bricks":2,"minecraft:oak_leaves":2},"minecraft:used":{"cgm:pistol":3,"minecraft:polished_andesite":19,"minecraft:redstone":27,"minecraft:chest":3,"minecraft:stone":175,"minecraft:iron_chestplate":1,"minecraft:torch":43,"betteranimalsplus:goose_egg":5,"minecraft:dirt":2,"betteranimalsplus:golden_goose_egg":24,"minecraft:crafting_table":1,"minecraft:stone_stairs":14,"minecraft:redstone_torch":4,"minecraft:sticky_piston":14,"minecraft:stone_brick_slab":17,"minecraft:lever":2,"minecraft:stripped_dark_oak_wood":29,"minecraft:lantern":6,"minecraft:iron_axe":64,"minecraft:grass_block":150,"minecraft:polished_andesite_stairs":14,"minecraft:iron_pickaxe":287,"minecraft:stone_button":8,"minecraft:iron_helmet":1,"minecraft:stone_slab":14,"minecraft:iron_boots":1,"minecraft:stone_brick_stairs":39,"minecraft:polished_andesite_slab":1,"minecraft:stone_bricks":34,"biomesoplenty:jacaranda_sapling":6,"minecraft:repeater":7,"minecraft:cobblestone":31,"minecraft:furnace":1}},"DataVersion":3120}