{"stats":{"minecraft:killed":{"betteranimalsplus:coyote":1,"minecraft:zombie_villager":6,"minecraft:spider":1,"betteranimalsplus:boar":3,"man:manfromthefog":1,"minecraft:creeper":4,"spore:inf_pillager":5,"spore:inf_villager":2,"minecraft:skeleton":5,"spore:griefer":1,"minecraft:zombie":9,"spore:inf_human":8,"minecraft:chicken":1,"spore:inf_witch":1,"man:manfromthefogback":3,"apollyon:the_damned":2,"minecraft:cow":2},"minecraft:picked_up":{"minecraft:iron_chestplate":1,"spore:mutated_heart":2,"minecraft:feather":1,"minecraft:cooked_beef":62,"minecraft:chicken":1,"travelersbackpack:dragon":1,"minecraft:leather":1,"minecraft:smithing_table":1,"minecraft:diamond_sword":1,"minecraft:wither_rose":4,"minecraft:potion":1,"minecraft:oak_log":10,"minecraft:brewing_stand":1,"minecraft:shield":1,"minecraft:gunpowder":8,"spore:innards":2,"minecraft:dirt":164,"minecraft:red_bed":1,"man:cassette_1safetyinstructions":2,"aether:diamond_gloves":1,"minecraft:iron_leggings":2,"minecraft:bone":4,"minecraft:oak_sign":6,"minecraft:wheat_seeds":1,"minecraft:beef":7,"spore:mutated_fiber":31,"apollyon:the_damned_spawn_egg":1,"minecraft:acacia_sapling":1,"minecraft:spruce_trapdoor":1,"minecraft:iron_boots":1,"minecraft:scaffolding":73,"spore:tumor":4,"spore:cerebrum":4,"aether:pig_slayer":1,"minecraft:spruce_fence":1,"minecraft:porkchop":7,"pathogen:beast_slayer_ender":1,"minecraft:barrel":1,"minecraft:iron_hoe":1,"man:tearoftheman":1,"travelersbackpack:standard":1,"spore:claw_fragment":4,"minecraft:firework_rocket":59,"minecraft:diamond_shovel":1,"minecraft:arrow":13,"minecraft:rotten_flesh":22,"spore:r_elytron":1,"minecraft:iron_helmet":1,"minecraft:diamond_axe":1,"minecraft:bookshelf":31,"spore:spine_fragment":2,"minecraft:diamond_pickaxe":1},"minecraft:killed_by":{"apollyon:the_damned":1},"minecraft:dropped":{"minecraft:iron_sword":2,"minecraft:porkchop":1,"minecraft:cooked_beef":192,"minecraft:oak_log":1,"minecraft:iron_helmet":3,"minecraft:iron_boots":2,"minecraft:spectral_arrow":64,"man:cassette_1safetyinstructions":2,"spore:r_elytron":1,"travelersbackpack:standard":3,"minecraft:shield":2,"aether:diamond_gloves":2,"minecraft:iron_chestplate":3,"minecraft:acacia_sapling":1,"minecraft:potion":1,"minecraft:iron_leggings":3,"minecraft:iron_axe":2,"minecraft:bow":1,"pathogen:beast_slayer_ender":1,"minecraft:iron_pickaxe":3,"spore:mutated_heart":2,"minecraft:iron_shovel":1,"minecraft:bone":2},"minecraft:crafted":{"minecraft:air":0},"minecraft:used":{"apollyon:the_damned_spawn_egg":4,"apollyon:the_infector_spawn_egg":4,"minecraft:oak_trapdoor":114,"minecraft:water_bucket":5,"minecraft:netherite_sword":13,"minecraft:cobblestone_stairs":6,"minecraft:flint_and_steel":2,"minecraft:birch_planks":12,"minecraft:spruce_slab":262,"minecraft:armor_stand":6,"minecraft:chest":4,"travelersbackpack:dragon":1,"minecraft:stone":19,"minecraft:spruce_fence_gate":42,"minecraft:cobblestone_slab":467,"man:manfromthefog_spawn_egg":2,"minecraft:oak_leaves":41,"minecraft:dirt":5,"minecraft:brewing_stand":4,"minecraft:sand":5,"minecraft:anvil":1,"minecraft:crafting_table":8,"minecraft:red_bed":5,"pathogen:beast_slayer_ender":22,"minecraft:spruce_stairs":60,"minecraft:blast_furnace":1,"minecraft:cobblestone_wall":12,"minecraft:campfire":3,"minecraft:spruce_fence":86,"minecraft:stripped_spruce_log":100,"minecraft:smoker":1,"minecraft:obsidian":22,"man:cassetteplayer":1,"minecraft:oak_log":126,"minecraft:flower_pot":6,"minecraft:firework_rocket":5,"minecraft:bookshelf":9,"minecraft:black_stained_glass_pane":92,"minecraft:birch_slab":50,"minecraft:lantern":26,"minecraft:grass_block":10,"man:manfromthefogback_spawn_egg":3,"minecraft:stone_slab":198,"minecraft:spruce_trapdoor":179,"minecraft:oak_pressure_plate":4,"minecraft:diamond_sword":149,"minecraft:barrel":25,"minecraft:cobblestone":8,"minecraft:bow":22,"minecraft:scaffolding":154,"minecraft:smithing_table":1,"minecraft:furnace":2,"minecraft:wither_rose":3,"minecraft:cooked_beef":2,"minecraft:enchanted_golden_apple":5,"minecraft:splash_potion":3,"minecraft:birch_stairs":105},"minecraft:mined":{"travelersbackpack:dragon":1,"biomesoplenty:bush":2,"minecraft:grass":4,"minecraft:oak_log":4,"minecraft:dirt":3},"minecraft:custom":{"minecraft:interact_with_smithing_table":2,"minecraft:interact_with_furnace":3,"minecraft:interact_with_anvil":1,"minecraft:mob_kills":58,"minecraft:open_barrel":1,"minecraft:interact_with_campfire":12,"minecraft:pot_flower":6,"minecraft:leave_game":18,"minecraft:time_since_death":23301,"minecraft:sleep_in_bed":3,"minecraft:damage_resisted":35,"minecraft:climb_one_cm":5866,"minecraft:time_since_rest":23356,"minecraft:sprint_one_cm":179787,"minecraft:damage_absorbed":164,"minecraft:damage_taken":652,"minecraft:walk_one_cm":495643,"minecraft:drop":43,"minecraft:damage_dealt":16036,"minecraft:swim_one_cm":347,"minecraft:fly_one_cm":271926,"minecraft:crouch_one_cm":53720,"minecraft:play_time":273168,"minecraft:deaths":1,"minecraft:sneak_time":18807,"minecraft:walk_under_water_one_cm":27150,"minecraft:aviate_one_cm":198906,"minecraft:jump":1261,"minecraft:interact_with_blast_furnace":1,"minecraft:walk_on_water_one_cm":6474,"minecraft:total_world_time":273168,"minecraft:interact_with_smoker":1,"minecraft:fall_one_cm":6625}},"DataVersion":3120}