{"stats":{"minecraft:dropped":{"minecraft:iron_boots":1,"minecraft:oak_sign":1},"minecraft:custom":{"minecraft:interact_with_furnace":3,"minecraft:mob_kills":12,"minecraft:interact_with_crafting_table":7,"minecraft:open_barrel":4,"minecraft:leave_game":1,"minecraft:time_since_death":11485,"minecraft:sleep_in_bed":2,"minecraft:time_since_rest":11088,"minecraft:sprint_one_cm":56574,"minecraft:damage_taken":5092,"minecraft:walk_one_cm":249737,"minecraft:drop":2,"minecraft:damage_dealt":2458,"minecraft:swim_one_cm":1141,"minecraft:fly_one_cm":32216,"minecraft:open_chest":2,"minecraft:crouch_one_cm":10636,"minecraft:play_time":85232,"minecraft:deaths":2,"minecraft:sneak_time":9411,"minecraft:walk_under_water_one_cm":15394,"minecraft:aviate_one_cm":522902,"minecraft:jump":565,"minecraft:walk_on_water_one_cm":6213,"minecraft:total_world_time":85232,"minecraft:fall_one_cm":12990},"minecraft:killed":{"minecraft:zombie_villager":1,"minecraft:spider":1,"spore:inf_villager":1,"minecraft:zombie":3,"spore:inf_human":2,"minecraft:chicken":1,"minecraft:cow":1},"minecraft:picked_up":{"minecraft:iron_chestplate":2,"spore:mutated_heart":3,"minecraft:crafting_table":1,"minecraft:feather":2,"minecraft:cooked_beef":118,"minecraft:chicken":1,"minecraft:wither_rose":2,"minecraft:potion":1,"minecraft:oak_log":15,"minecraft:shield":1,"minecraft:gunpowder":12,"minecraft:string":2,"minecraft:dirt":9,"minecraft:iron_axe":2,"aether:diamond_gloves":1,"minecraft:iron_leggings":2,"minecraft:bone":3,"minecraft:oak_sign":1,"graveyard:corruption":1,"minecraft:bow":1,"minecraft:wheat_seeds":2,"spore:mutated_fiber":4,"minecraft:iron_pickaxe":2,"minecraft:iron_sword":1,"minecraft:oak_planks":44,"minecraft:iron_boots":3,"minecraft:raw_iron":2,"spore:cerebrum":1,"minecraft:torch":4,"minecraft:acacia_log":1,"minecraft:gravel":4,"minecraft:porkchop":1,"minecraft:diorite":1,"minecraft:spectral_arrow":30,"travelersbackpack:standard":2,"minecraft:arrow":1,"minecraft:rotten_flesh":2,"spore:r_elytron":1,"minecraft:iron_helmet":2,"minecraft:granite":5,"minecraft:bread":37,"spore:spine_fragment":1,"minecraft:oak_sapling":1,"minecraft:coal":22,"minecraft:cobblestone":169},"minecraft:mined":{"travelersbackpack:standard":1,"minecraft:crafting_table":1,"minecraft:granite":5,"biomesoplenty:bush":4,"minecraft:acacia_log":1,"minecraft:grass_block":1,"minecraft:diorite":1,"minecraft:wall_torch":4,"minecraft:iron_ore":2,"minecraft:wither_rose":1,"minecraft:grass":4,"minecraft:oak_log":23,"minecraft:coal_ore":22,"minecraft:gravel":2,"minecraft:dirt":13,"minecraft:stone":161,"minecraft:oak_leaves":4},"minecraft:crafted":{"minecraft:wooden_shovel":1,"minecraft:crafting_table":1,"minecraft:cooked_chicken":1,"minecraft:air":0,"minecraft:stick":6,"minecraft:torch":4},"minecraft:killed_by":{"minecraft:skeleton":1,"graveyard:skeleton_creeper":1},"minecraft:used":{"minecraft:iron_sword":61,"minecraft:cooked_chicken":1,"minecraft:iron_chestplate":1,"minecraft:torch":3,"minecraft:dirt":5,"minecraft:crafting_table":2,"minecraft:firework_rocket":11,"minecraft:iron_axe":29,"minecraft:iron_pickaxe":194,"minecraft:iron_helmet":1,"minecraft:cobblestone":3,"travelersbackpack:standard":2,"minecraft:oak_sapling":1,"minecraft:cooked_beef":85}},"DataVersion":3120}