{"stats":{"minecraft:killed":{"minecraft:zombie_villager":1,"minecraft:spider":1,"betteranimalsplus:boar":1,"spore:inf_villager":1,"minecraft:zombie":3,"spore:inf_human":2,"minecraft:chicken":1,"minecraft:cow":1},"minecraft:picked_up":{"spore:mutated_heart":3,"minecraft:iron_chestplate":2,"minecraft:crafting_table":2,"biomesoplenty:burning_blossom":1,"minecraft:feather":2,"minecraft:cooked_beef":118,"minecraft:chicken":1,"minecraft:tripwire_hook":1,"minecraft:andesite":7,"minecraft:salmon":5,"minecraft:wither_rose":3,"minecraft:potion":1,"minecraft:oak_log":59,"minecraft:shield":1,"minecraft:gunpowder":12,"minecraft:raw_copper":34,"minecraft:dirt":31,"minecraft:string":2,"minecraft:iron_axe":2,"aether:diamond_gloves":1,"minecraft:iron_leggings":2,"minecraft:pufferfish":2,"minecraft:bone":5,"minecraft:oak_sign":1,"graveyard:corruption":1,"minecraft:bow":1,"minecraft:wheat_seeds":2,"spore:mutated_fiber":4,"minecraft:iron_pickaxe":2,"minecraft:oak_planks":50,"minecraft:iron_sword":1,"minecraft:iron_boots":3,"minecraft:stick":1,"minecraft:raw_iron":12,"spore:cerebrum":1,"minecraft:torch":8,"minecraft:acacia_log":3,"minecraft:gravel":6,"minecraft:porkchop":4,"minecraft:diorite":1,"minecraft:spectral_arrow":30,"travelersbackpack:standard":3,"biomesoplenty:bramble":3,"minecraft:arrow":1,"minecraft:rotten_flesh":2,"spore:r_elytron":1,"minecraft:iron_helmet":2,"minecraft:granite":5,"minecraft:bread":44,"spore:spine_fragment":1,"minecraft:oak_sapling":2,"minecraft:cod":6,"minecraft:coal":22,"minecraft:cobblestone":380},"minecraft:killed_by":{"minecraft:skeleton":1,"graveyard:skeleton_creeper":1},"minecraft:dropped":{"minecraft:iron_boots":1,"minecraft:oak_sign":1},"minecraft:used":{"minecraft:iron_sword":64,"minecraft:cooked_chicken":1,"minecraft:iron_chestplate":1,"minecraft:torch":7,"minecraft:dirt":5,"minecraft:crafting_table":3,"minecraft:firework_rocket":11,"minecraft:iron_axe":105,"minecraft:iron_pickaxe":433,"minecraft:iron_helmet":1,"minecraft:gravel":3,"minecraft:fishing_rod":37,"minecraft:cobblestone":35,"travelersbackpack:standard":3,"minecraft:oak_sapling":1,"minecraft:cooked_beef":85},"minecraft:crafted":{"minecraft:wooden_shovel":1,"minecraft:fishing_rod":1,"minecraft:crafting_table":1,"minecraft:cooked_chicken":1,"minecraft:iron_sword":1,"minecraft:bucket":1,"minecraft:air":0,"minecraft:shield":1,"minecraft:stick":10,"minecraft:iron_ingot":10,"minecraft:acacia_planks":8,"minecraft:torch":4},"minecraft:mined":{"minecraft:acacia_leaves":1,"travelersbackpack:standard":2,"biomesoplenty:burning_blossom":2,"biomesoplenty:bramble":3,"minecraft:crafting_table":2,"minecraft:granite":5,"biomesoplenty:bush":4,"minecraft:acacia_log":3,"minecraft:grass_block":11,"minecraft:copper_ore":10,"minecraft:cobblestone":1,"minecraft:diorite":1,"minecraft:wall_torch":8,"minecraft:iron_ore":12,"minecraft:fire":4,"minecraft:andesite":7,"minecraft:wither_rose":2,"minecraft:grass":4,"minecraft:oak_log":67,"minecraft:coal_ore":22,"minecraft:gravel":4,"minecraft:dirt":26,"minecraft:stone":372,"minecraft:oak_leaves":23},"minecraft:broken":{"minecraft:iron_pickaxe":1},"minecraft:custom":{"minecraft:interact_with_furnace":12,"minecraft:mob_kills":13,"minecraft:interact_with_crafting_table":14,"minecraft:open_barrel":10,"minecraft:leave_game":2,"minecraft:time_since_death":73429,"minecraft:sleep_in_bed":5,"minecraft:time_since_rest":18641,"minecraft:sprint_one_cm":117559,"minecraft:damage_taken":5683,"minecraft:walk_one_cm":396913,"minecraft:drop":2,"minecraft:damage_dealt":2774,"minecraft:swim_one_cm":2356,"minecraft:fly_one_cm":51132,"minecraft:open_chest":4,"minecraft:crouch_one_cm":23556,"minecraft:play_time":147176,"minecraft:deaths":2,"minecraft:sneak_time":14982,"minecraft:walk_under_water_one_cm":47784,"minecraft:aviate_one_cm":522902,"minecraft:jump":1097,"minecraft:walk_on_water_one_cm":13083,"minecraft:total_world_time":147176,"minecraft:fish_caught":13,"minecraft:fall_one_cm":18970}},"DataVersion":3120}