{"stats":{"minecraft:picked_up":{"minecraft:wheat":2,"minecraft:crafting_table":3,"minecraft:lilac":1,"minecraft:potato":7,"minecraft:flint":2,"minecraft:oak_log":5,"minecraft:shield":1,"minecraft:dirt":40,"minecraft:raw_copper":125,"minecraft:wheat_seeds":18,"minecraft:iron_ingot":2,"biomesoplenty:magic_log":7,"spore:mutated_fiber":12,"biomesoplenty:hanging_cobweb":3,"minecraft:egg":2,"minecraft:furnace":2,"minecraft:stick":2,"minecraft:raw_iron":23,"spore:cerebrum":1,"minecraft:oak_door":1,"minecraft:torch":2,"minecraft:dandelion":1,"minecraft:gravel":6,"minecraft:porkchop":6,"pathogen:beast_slayer_ender":1,"minecraft:spruce_sapling":2,"minecraft:carrot":15,"minecraft:spruce_log":4,"minecraft:rotten_flesh":4,"biomesoplenty:jacaranda_log":5,"spore:r_elytron":1,"biomesoplenty:magic_planks":6,"minecraft:hay_block":20,"spore:spine_fragment":2,"minecraft:oak_sapling":7,"minecraft:mutton":2,"minecraft:coal":80,"minecraft:white_wool":2,"minecraft:cobblestone":83},"minecraft:killed":{"minecraft:pig":2,"betteranimalsplus:boar":1,"minecraft:sheep":2,"minecraft:zombie":2},"minecraft:used":{"spore:r_elytron":1,"minecraft:stone_shovel":36,"minecraft:stone_pickaxe":241,"minecraft:wooden_pickaxe":28,"minecraft:white_wool":2,"minecraft:torch":118,"minecraft:dirt":39,"minecraft:crafting_table":6,"biomesoplenty:magic_planks":11,"minecraft:wooden_axe":18,"minecraft:bread":37,"minecraft:gravel":6,"minecraft:stone_axe":76,"minecraft:furnace":2,"minecraft:egg":1},"minecraft:dropped":{"minecraft:oak_door":1,"minecraft:iron_ingot":4,"minecraft:bread":5,"minecraft:furnace":2,"minecraft:raw_iron":2,"spore:r_elytron":1,"spore:cerebrum":1,"pathogen:beast_slayer_ender":1},"minecraft:custom":{"minecraft:interact_with_furnace":6,"minecraft:mob_kills":6,"minecraft:interact_with_crafting_table":10,"minecraft:leave_game":1,"minecraft:time_since_death":59621,"minecraft:sleep_in_bed":2,"minecraft:climb_one_cm":285,"minecraft:time_since_rest":56518,"minecraft:sprint_one_cm":122307,"minecraft:damage_taken":1243,"minecraft:walk_one_cm":153020,"minecraft:drop":16,"minecraft:damage_dealt":942,"minecraft:talked_to_villager":1,"minecraft:fly_one_cm":98710,"minecraft:open_chest":1,"minecraft:crouch_one_cm":8719,"minecraft:play_time":67913,"minecraft:deaths":1,"minecraft:sneak_time":5123,"minecraft:aviate_one_cm":7091,"minecraft:jump":996,"minecraft:walk_on_water_one_cm":1702,"minecraft:total_world_time":67913,"minecraft:fall_one_cm":21511},"minecraft:broken":{"minecraft:stone_pickaxe":1},"minecraft:killed_by":{"minecraft:zombie":1},"minecraft:crafted":{"minecraft:oak_planks":20,"minecraft:stone_shovel":1,"biomesoplenty:jacaranda_planks":20,"minecraft:crafting_table":3,"minecraft:wooden_pickaxe":1,"minecraft:furnace":6,"minecraft:stone_axe":1,"minecraft:bread":60,"minecraft:air":0,"minecraft:stick":44,"minecraft:iron_ingot":2,"minecraft:stone_pickaxe":2,"minecraft:wooden_axe":1,"biomesoplenty:magic_planks":28,"minecraft:torch":116,"minecraft:wheat":180},"minecraft:mined":{"minecraft:dandelion":1,"biomesoplenty:hanging_cobweb_strand":2,"minecraft:crafting_table":3,"minecraft:torch":1,"biomesoplenty:bush":21,"minecraft:grass_block":39,"minecraft:copper_ore":34,"minecraft:spruce_leaves":3,"biomesoplenty:sprout":2,"biomesoplenty:magic_planks":6,"minecraft:hay_block":21,"biomesoplenty:jacaranda_log":5,"minecraft:furnace":2,"minecraft:carrots":6,"minecraft:iron_ore":32,"minecraft:wheat":15,"minecraft:lilac":1,"minecraft:spruce_log":5,"biomesoplenty:magic_log":7,"biomesoplenty:hanging_cobweb":9,"minecraft:grass":16,"biomesoplenty:clover":6,"minecraft:potatoes":5,"minecraft:coal_ore":82,"minecraft:oak_log":5,"biomesoplenty:webbing":22,"minecraft:gravel":8,"minecraft:dirt":5,"biomesoplenty:stringy_cobweb":1,"minecraft:stone":82,"minecraft:oak_leaves":67}},"DataVersion":3120}