{"stats":{"minecraft:killed":{"betteranimalsplus:coyote":2,"betteranimalsplus:boar":5,"minecraft:creeper":5,"minecraft:phantom":1,"spore:inf_pillager":2,"minecraft:skeleton":2,"spore:inf_villager":1,"minecraft:zombie":3,"spore:inf_human":1,"spore:inf_witch":1,"minecraft:cow":1},"minecraft:picked_up":{"minecraft:crafting_table":1,"minecraft:iron_chestplate":6,"spore:mutated_heart":1,"minecraft:cooked_beef":251,"minecraft:leather":7,"minecraft:diamond_sword":1,"minecraft:wither_rose":1,"minecraft:tuff":2,"minecraft:oak_log":21,"minecraft:shield":3,"minecraft:gunpowder":17,"minecraft:lapis_lazuli":29,"minecraft:string":2,"minecraft:dirt":118,"minecraft:raw_copper":76,"minecraft:iron_axe":2,"aether:diamond_gloves":4,"minecraft:iron_leggings":5,"minecraft:iron_shovel":4,"minecraft:bone":16,"minecraft:acacia_planks":6,"minecraft:oak_sign":1,"minecraft:bow":5,"minecraft:wheat_seeds":1,"minecraft:cobbled_deepslate":65,"minecraft:raw_gold":39,"minecraft:beef":3,"minecraft:acacia_sign":5,"spore:mutated_fiber":31,"minecraft:iron_pickaxe":7,"minecraft:iron_sword":4,"minecraft:acacia_sapling":1,"minecraft:iron_boots":4,"minecraft:furnace":2,"minecraft:raw_iron":78,"minecraft:stick":9,"spore:cerebrum":4,"minecraft:torch":15,"minecraft:acacia_log":2,"minecraft:gravel":5,"minecraft:porkchop":27,"minecraft:sand":30,"minecraft:diorite":31,"minecraft:redstone":31,"minecraft:spectral_arrow":96,"minecraft:diamond":6,"travelersbackpack:standard":5,"minecraft:arrow":14,"minecraft:rotten_flesh":11,"minecraft:iron_helmet":6,"minecraft:granite":49,"minecraft:bread":86,"spore:spine_fragment":1,"minecraft:oak_sapling":4,"minecraft:coal":22,"minecraft:cobblestone":437},"minecraft:killed_by":{"man:managgresive":1,"apollyon:the_damned":1,"spore:inf_villager":1,"minecraft:skeleton":1,"spore:inf_human":1,"spore:inf_pillager":1},"minecraft:dropped":{"minecraft:gravel":2,"minecraft:bread":130,"minecraft:iron_sword":1,"minecraft:cooked_beef":13,"minecraft:iron_helmet":3,"minecraft:iron_boots":1,"minecraft:oak_planks":6,"minecraft:spectral_arrow":32,"minecraft:granite":1,"minecraft:diamond_sword":1,"minecraft:iron_chestplate":2,"minecraft:oak_sapling":1,"minecraft:iron_leggings":2,"minecraft:iron_axe":2,"minecraft:bow":3,"minecraft:iron_pickaxe":1,"minecraft:bone":2},"minecraft:crafted":{"minecraft:oak_planks":76,"minecraft:oak_sign":9,"minecraft:crafting_table":4,"minecraft:furnace":2,"minecraft:air":0,"minecraft:acacia_sign":3,"minecraft:stick":8,"minecraft:iron_ingot":9,"minecraft:iron_pickaxe":1,"minecraft:acacia_planks":8},"minecraft:used":{"minecraft:diorite":2,"minecraft:iron_shovel":44,"minecraft:oak_planks":1,"minecraft:oak_sign":10,"minecraft:shield":10,"minecraft:iron_sword":55,"minecraft:torch":86,"minecraft:dirt":60,"minecraft:iron_chestplate":2,"minecraft:sand":9,"minecraft:crafting_table":4,"minecraft:acacia_sign":6,"minecraft:iron_axe":73,"minecraft:bread":8,"minecraft:iron_pickaxe":786,"minecraft:iron_helmet":2,"minecraft:iron_boots":2,"minecraft:gravel":1,"minecraft:cobblestone":41,"minecraft:bow":35,"travelersbackpack:standard":1,"minecraft:furnace":2,"minecraft:wither_rose":1,"minecraft:cooked_beef":34,"minecraft:iron_leggings":3},"minecraft:mined":{"minecraft:deepslate_redstone_ore":8,"minecraft:tuff":4,"minecraft:acacia_leaves":1,"minecraft:deepslate_diamond_ore":6,"minecraft:crafting_table":1,"travelersbackpack:standard":1,"minecraft:torch":6,"minecraft:granite":48,"biomesoplenty:bush":9,"minecraft:acacia_log":2,"minecraft:grass_block":45,"minecraft:copper_ore":9,"minecraft:cobblestone":7,"minecraft:deepslate_gold_ore":39,"minecraft:sculk":8,"minecraft:diorite":31,"minecraft:wall_torch":7,"minecraft:sculk_catalyst":1,"minecraft:furnace":2,"minecraft:iron_ore":12,"minecraft:deepslate_lapis_ore":4,"minecraft:wither_rose":2,"minecraft:grass":16,"minecraft:deepslate_iron_ore":62,"minecraft:oak_log":18,"minecraft:coal_ore":24,"minecraft:oak_sign":4,"minecraft:sand":1,"minecraft:dirt":41,"minecraft:acacia_sign":3,"minecraft:stone":417,"minecraft:deepslate":67,"minecraft:oak_leaves":10},"minecraft:broken":{"minecraft:iron_pickaxe":2},"minecraft:custom":{"minecraft:interact_with_furnace":19,"minecraft:interact_with_anvil":1,"minecraft:mob_kills":33,"minecraft:interact_with_crafting_table":10,"minecraft:open_barrel":8,"minecraft:leave_game":4,"minecraft:time_since_death":18556,"minecraft:sleep_in_bed":4,"minecraft:time_since_rest":18597,"minecraft:sprint_one_cm":185250,"minecraft:damage_taken":4598,"minecraft:walk_one_cm":251790,"minecraft:damage_blocked_by_shield":401,"minecraft:drop":117,"minecraft:damage_dealt":4157,"minecraft:fly_one_cm":194607,"minecraft:open_chest":4,"minecraft:crouch_one_cm":7510,"minecraft:play_time":121355,"minecraft:deaths":6,"minecraft:sneak_time":10632,"minecraft:walk_under_water_one_cm":75853,"minecraft:jump":1263,"minecraft:walk_on_water_one_cm":9307,"minecraft:total_world_time":121355,"minecraft:fall_one_cm":37898}},"DataVersion":3120}