{"stats":{"minecraft:dropped":{"minecraft:enchanted_book":4,"minecraft:iron_ingot":7,"minecraft:diamond":12,"minecraft:golden_horse_armor":1,"biomesoplenty:magic_sapling":4,"minecraft:cobblestone":71,"minecraft:chest_minecart":1,"minecraft:granite":158,"travelersbackpack:iron_tier_upgrade":2,"minecraft:copper_ingot":8,"biomesoplenty:jacaranda_planks":1,"minecraft:music_disc_13":1,"betteranimalsplus:golden_goose_egg":2,"biomesoplenty:jacaranda_log":4,"minecraft:cobweb":3,"minecraft:diamond_horse_armor":1,"minecraft:gray_wool":1,"minecraft:torch":4,"minecraft:mutton":2,"minecraft:iron_pickaxe":7,"minecraft:string":15,"minecraft:music_disc_cat":1,"minecraft:redstone":1,"cgm:pistol":3,"minecraft:cobbled_deepslate":66,"minecraft:obsidian":9,"minecraft:raw_iron":6,"betteranimalsplus:fried_egg":15,"minecraft:name_tag":1,"minecraft:shield":1,"minecraft:gunpowder":2,"cgm:basic_bullet":64,"aether:iron_gloves":1,"minecraft:diamond_pickaxe":6,"minecraft:iron_chestplate":1,"minecraft:andesite":1,"minecraft:leather_leggings":1,"minecraft:stone_pickaxe":1},"minecraft:broken":{"minecraft:iron_axe":1,"minecraft:iron_pickaxe":19},"minecraft:custom":{"minecraft:mob_kills":5,"minecraft:interact_with_crafting_table":51,"minecraft:leave_game":5,"minecraft:time_since_death":1660,"minecraft:climb_one_cm":279,"minecraft:sprint_one_cm":620937,"minecraft:walk_one_cm":791235,"minecraft:drop":137,"minecraft:talked_to_villager":2,"minecraft:play_time":290750,"minecraft:deaths":1,"minecraft:sneak_time":16483,"minecraft:walk_under_water_one_cm":14325,"minecraft:jump":3412,"minecraft:walk_on_water_one_cm":17801,"minecraft:total_world_time":290750,"minecraft:interact_with_furnace":35,"minecraft:time_since_rest":1684,"minecraft:damage_taken":1401,"minecraft:damage_dealt":681,"minecraft:swim_one_cm":8259,"minecraft:fly_one_cm":543924,"minecraft:open_chest":74,"minecraft:crouch_one_cm":30639,"minecraft:fall_one_cm":65107},"minecraft:killed":{"betteranimalsplus:coyote":1,"betteranimalsplus:goose":1,"minecraft:sheep":1,"minecraft:zombie":1,"betteranimalsplus:blackbear":1},"minecraft:picked_up":{"minecraft:crafting_table":4,"minecraft:iron_chestplate":2,"minecraft:wheat":7,"cgm:basic_bullet":128,"minecraft:azure_bluet":9,"minecraft:chest_minecart":2,"aether:iron_gloves":1,"minecraft:enchanted_book":4,"biomesoplenty:jacaranda_sapling":2,"minecraft:diamond_horse_armor":1,"minecraft:stone_brick_stairs":2,"minecraft:music_disc_cat":3,"minecraft:string":11,"minecraft:iron_axe":1,"minecraft:raw_copper":29,"minecraft:flint_and_steel":1,"minecraft:iron_leggings":2,"biomesoplenty:tall_lavender":1,"minecraft:iron_shovel":1,"betteranimalsplus:bear_skin_black":4,"minecraft:cobbled_deepslate":216,"minecraft:cobblestone_slab":1,"minecraft:iron_pickaxe":6,"minecraft:sugar_cane":21,"minecraft:iron_boots":1,"minecraft:furnace":1,"minecraft:stick":18,"minecraft:raw_iron":117,"minecraft:torch":53,"travelersbackpack:iron_tier_upgrade":2,"minecraft:pointed_dripstone":14,"minecraft:redstone":1,"biomesoplenty:jacaranda_log":35,"minecraft:saddle":1,"minecraft:obsidian":62,"minecraft:mutton":4,"minecraft:rail":47,"minecraft:cobblestone":4779,"betteranimalsplus:goose_egg":49,"biomesoplenty:lavender":28,"minecraft:mossy_cobblestone_slab":1,"minecraft:feather":2,"minecraft:glow_ink_sac":2,"minecraft:water_bucket":1,"minecraft:andesite":1,"betteranimalsplus:golden_goose_egg":4,"minecraft:red_mushroom":24,"biomesoplenty:stripped_magic_log":2,"minecraft:flint":1,"minecraft:tuff":12,"minecraft:oak_log":6,"biomesoplenty:jacaranda_planks":6,"minecraft:gunpowder":36,"minecraft:paper":3,"minecraft:lapis_lazuli":111,"minecraft:dirt":84,"minecraft:name_tag":2,"minecraft:stone_bricks":2,"minecraft:wheat_seeds":2,"minecraft:raw_gold":50,"minecraft:stone_pickaxe":1,"minecraft:iron_ingot":32,"biomesoplenty:magic_log":110,"minecraft:oak_planks":3,"biomesoplenty:magic_sapling":4,"minecraft:polished_andesite_stairs":2,"minecraft:music_disc_13":2,"minecraft:dripstone_block":42,"minecraft:gravel":14,"minecraft:lava_bucket":1,"minecraft:sand":38,"biomesoplenty:magic_door":1,"travelersbackpack:standard":1,"minecraft:dark_oak_log":3,"graveyard:oak_coffin":2,"cgm:pistol":4,"minecraft:light_gray_concrete":8,"minecraft:diamond":28,"biomesoplenty:magic_planks":2,"minecraft:iron_helmet":1,"minecraft:granite":200,"minecraft:golden_apple":1,"minecraft:gray_wool":1,"betteranimalsplus:fried_egg":6,"minecraft:golden_horse_armor":1,"minecraft:bread":1,"minecraft:melon_seeds":3,"minecraft:coal":188,"minecraft:diamond_pickaxe":6},"minecraft:mined":{"minecraft:tuff":10,"minecraft:mossy_cobblestone":1,"minecraft:deepslate_diamond_ore":19,"minecraft:dark_oak_log":3,"minecraft:obsidian":49,"minecraft:glow_lichen":1,"minecraft:granite":164,"biomesoplenty:bush":3,"minecraft:grass_block":15,"minecraft:spawner":2,"biomesoplenty:jacaranda_log":35,"biomesoplenty:tall_lavender":1,"minecraft:mossy_cobblestone_slab":1,"minecraft:furnace":1,"minecraft:iron_ore":39,"biomesoplenty:lavender":40,"minecraft:andesite":12,"minecraft:deepslate_lapis_ore":10,"minecraft:azure_bluet":9,"biomesoplenty:magic_log":59,"biomesoplenty:hanging_cobweb":2,"minecraft:pointed_dripstone":4,"minecraft:deepslate_iron_ore":65,"minecraft:cobblestone_slab":1,"minecraft:rail":40,"biomesoplenty:webbing":1,"minecraft:light_gray_concrete":8,"minecraft:stone":4502,"biomesoplenty:jacaranda_leaves":14,"minecraft:red_bed":1,"biomesoplenty:jacaranda_planks":7,"biomesoplenty:hanging_cobweb_strand":1,"minecraft:crafting_table":4,"minecraft:torch":19,"minecraft:polished_andesite_stairs":1,"minecraft:mushroom_stem":10,"minecraft:tall_grass":5,"minecraft:copper_ore":8,"minecraft:cobblestone":184,"biomesoplenty:sprout":1,"minecraft:deepslate_gold_ore":36,"minecraft:sugar_cane":6,"minecraft:oak_planks":3,"minecraft:wall_torch":18,"biomesoplenty:magic_planks":2,"biomesoplenty:magic_leaves":44,"graveyard:oak_coffin":2,"biomesoplenty:stripped_magic_log":2,"minecraft:grass":50,"biomesoplenty:clover":6,"minecraft:oak_log":6,"minecraft:coal_ore":161,"minecraft:dripstone_block":21,"minecraft:gravel":20,"minecraft:sand":40,"minecraft:dirt":89,"minecraft:red_mushroom_block":83,"minecraft:oak_leaves":6,"minecraft:deepslate":236},"minecraft:crafted":{"minecraft:light_gray_concrete_powder":8,"minecraft:oak_planks":28,"minecraft:furnace":3,"minecraft:stone":128,"minecraft:flint_and_steel":1,"minecraft:iron_boots":1,"minecraft:iron_axe":2,"minecraft:stone_pickaxe":2,"biomesoplenty:magic_planks":32,"minecraft:dark_oak_planks":8,"cgm:workbench":1,"biomesoplenty:magic_door":3,"biomesoplenty:jacaranda_planks":44,"minecraft:crafting_table":3,"minecraft:wooden_pickaxe":1,"minecraft:iron_helmet":1,"minecraft:stone_axe":1,"minecraft:air":0,"aether:iron_gloves":2,"minecraft:iron_chestplate":1,"minecraft:paper":3,"minecraft:diamond_pickaxe":2,"minecraft:shield":2,"minecraft:stick":76,"minecraft:iron_ingot":40,"minecraft:iron_pickaxe":23,"betteranimalsplus:fried_egg":24,"minecraft:iron_shovel":1,"minecraft:light_gray_dye":1,"minecraft:torch":88},"minecraft:used":{"minecraft:iron_shovel":62,"minecraft:flint_and_steel":2,"graveyard:oak_coffin":2,"minecraft:iron_chestplate":1,"minecraft:torch":167,"minecraft:dirt":5,"minecraft:mutton":2,"cgm:workbench":1,"minecraft:milk_bucket":1,"minecraft:obsidian":11,"minecraft:iron_axe":302,"minecraft:polished_andesite_stairs":1,"minecraft:iron_helmet":1,"biomesoplenty:jacaranda_log":1,"minecraft:furnace":3,"minecraft:cobbled_deepslate":72,"minecraft:water_bucket":20,"biomesoplenty:magic_log":2,"cgm:pistol":24,"minecraft:stone_pickaxe":192,"minecraft:oak_planks":3,"minecraft:wooden_pickaxe":21,"betteranimalsplus:goose_egg":14,"minecraft:crafting_table":5,"biomesoplenty:magic_planks":2,"minecraft:light_gray_concrete_powder":8,"biomesoplenty:jacaranda_planks":41,"minecraft:diamond_pickaxe":427,"biomesoplenty:magic_door":1,"minecraft:dark_oak_log":1,"minecraft:iron_pickaxe":5084,"minecraft:gravel":1,"minecraft:stone_axe":3,"minecraft:cobblestone":887,"travelersbackpack:standard":4,"minecraft:bucket":22}},"DataVersion":3120}