{"stats":{"minecraft:dropped":{"minecraft:gravel":1,"minecraft:bread":123,"minecraft:iron_sword":1,"minecraft:cooked_beef":13,"minecraft:iron_helmet":3,"minecraft:iron_boots":1,"minecraft:spectral_arrow":32,"minecraft:diamond_sword":1,"minecraft:iron_chestplate":2,"minecraft:oak_sapling":1,"minecraft:iron_leggings":2,"minecraft:iron_axe":2,"minecraft:bow":3,"minecraft:iron_pickaxe":1,"minecraft:bone":1},"minecraft:custom":{"minecraft:interact_with_furnace":3,"minecraft:interact_with_anvil":1,"minecraft:mob_kills":30,"minecraft:interact_with_crafting_table":7,"minecraft:open_barrel":5,"minecraft:leave_game":3,"minecraft:time_since_death":10358,"minecraft:sleep_in_bed":1,"minecraft:time_since_rest":10359,"minecraft:sprint_one_cm":101120,"minecraft:damage_taken":3739,"minecraft:walk_one_cm":178033,"minecraft:damage_blocked_by_shield":401,"minecraft:drop":101,"minecraft:damage_dealt":3490,"minecraft:fly_one_cm":119134,"minecraft:open_chest":3,"minecraft:crouch_one_cm":4852,"minecraft:play_time":78811,"minecraft:deaths":5,"minecraft:sneak_time":6579,"minecraft:walk_under_water_one_cm":52861,"minecraft:jump":862,"minecraft:walk_on_water_one_cm":5294,"minecraft:total_world_time":78811,"minecraft:fall_one_cm":29184},"minecraft:killed":{"betteranimalsplus:coyote":2,"betteranimalsplus:boar":5,"minecraft:creeper":5,"minecraft:phantom":1,"spore:inf_pillager":2,"spore:inf_villager":1,"minecraft:zombie":3,"spore:inf_human":1,"spore:inf_witch":1,"minecraft:cow":1},"minecraft:picked_up":{"minecraft:iron_chestplate":6,"spore:mutated_heart":1,"minecraft:cooked_beef":251,"minecraft:leather":7,"minecraft:diamond_sword":1,"minecraft:wither_rose":1,"minecraft:oak_log":21,"minecraft:shield":3,"minecraft:gunpowder":17,"minecraft:dirt":94,"minecraft:raw_copper":76,"minecraft:iron_axe":2,"aether:diamond_gloves":4,"minecraft:iron_leggings":5,"minecraft:iron_shovel":4,"minecraft:bone":11,"minecraft:acacia_planks":6,"minecraft:oak_sign":1,"minecraft:bow":4,"minecraft:wheat_seeds":1,"minecraft:beef":3,"minecraft:acacia_sign":5,"spore:mutated_fiber":31,"minecraft:iron_pickaxe":7,"minecraft:iron_sword":4,"minecraft:acacia_sapling":1,"minecraft:furnace":1,"minecraft:iron_boots":4,"minecraft:stick":9,"minecraft:raw_iron":16,"spore:cerebrum":4,"minecraft:torch":1,"minecraft:acacia_log":2,"minecraft:gravel":2,"minecraft:porkchop":27,"minecraft:sand":30,"minecraft:diorite":12,"minecraft:spectral_arrow":96,"travelersbackpack:standard":5,"minecraft:arrow":9,"minecraft:rotten_flesh":10,"minecraft:iron_helmet":6,"minecraft:granite":9,"minecraft:bread":86,"spore:spine_fragment":1,"minecraft:oak_sapling":4,"minecraft:cobblestone":201},"minecraft:crafted":{"minecraft:oak_planks":76,"minecraft:oak_sign":9,"minecraft:crafting_table":3,"minecraft:furnace":1,"minecraft:acacia_sign":3,"minecraft:stick":8,"minecraft:acacia_planks":8},"minecraft:mined":{"minecraft:acacia_leaves":1,"travelersbackpack:standard":1,"minecraft:granite":9,"biomesoplenty:bush":9,"minecraft:acacia_log":2,"minecraft:grass_block":45,"minecraft:copper_ore":9,"minecraft:cobblestone":3,"minecraft:diorite":12,"minecraft:furnace":1,"minecraft:iron_ore":12,"minecraft:wither_rose":2,"minecraft:grass":16,"minecraft:oak_log":18,"minecraft:coal_ore":1,"minecraft:oak_sign":4,"minecraft:sand":1,"minecraft:dirt":17,"minecraft:acacia_sign":3,"minecraft:stone":185,"minecraft:oak_leaves":10},"minecraft:killed_by":{"man:managgresive":1,"apollyon:the_damned":1,"minecraft:skeleton":1,"spore:inf_human":1,"spore:inf_pillager":1},"minecraft:used":{"minecraft:diorite":2,"minecraft:iron_shovel":44,"minecraft:oak_planks":1,"minecraft:oak_sign":9,"minecraft:shield":10,"minecraft:iron_sword":55,"minecraft:torch":9,"minecraft:iron_chestplate":2,"minecraft:dirt":60,"minecraft:sand":9,"minecraft:crafting_table":3,"minecraft:acacia_sign":6,"minecraft:iron_axe":61,"minecraft:iron_pickaxe":237,"minecraft:iron_helmet":2,"minecraft:iron_boots":2,"minecraft:gravel":1,"minecraft:bow":35,"minecraft:cobblestone":10,"travelersbackpack:standard":1,"minecraft:furnace":1,"minecraft:wither_rose":1,"minecraft:cooked_beef":34,"minecraft:iron_leggings":3}},"DataVersion":3120}