{"stats":{"minecraft:broken":{"minecraft:iron_axe":1,"minecraft:iron_pickaxe":1},"minecraft:picked_up":{"biomesoplenty:lavender":28,"minecraft:feather":2,"minecraft:crafting_table":2,"minecraft:iron_chestplate":1,"minecraft:mossy_cobblestone_slab":1,"cgm:basic_bullet":128,"minecraft:azure_bluet":9,"minecraft:red_mushroom":24,"biomesoplenty:stripped_magic_log":2,"biomesoplenty:jacaranda_sapling":2,"minecraft:flint":1,"minecraft:stone_brick_stairs":2,"minecraft:oak_log":6,"biomesoplenty:jacaranda_planks":6,"minecraft:dirt":7,"minecraft:iron_leggings":1,"biomesoplenty:tall_lavender":1,"betteranimalsplus:bear_skin_black":2,"minecraft:stone_bricks":2,"minecraft:wheat_seeds":1,"minecraft:iron_ingot":32,"biomesoplenty:magic_log":59,"minecraft:cobblestone_slab":1,"minecraft:sugar_cane":12,"minecraft:oak_planks":3,"biomesoplenty:magic_sapling":4,"minecraft:polished_andesite_stairs":2,"minecraft:stick":14,"minecraft:raw_iron":26,"minecraft:torch":4,"minecraft:gravel":14,"minecraft:sand":38,"cgm:pistol":3,"minecraft:dark_oak_log":3,"graveyard:oak_coffin":2,"minecraft:light_gray_concrete":8,"biomesoplenty:jacaranda_log":35,"biomesoplenty:magic_planks":2,"minecraft:gray_wool":1,"minecraft:mutton":2,"minecraft:coal":52,"betteranimalsplus:goose_egg":1,"minecraft:cobblestone":294},"minecraft:custom":{"minecraft:interact_with_furnace":9,"minecraft:mob_kills":3,"minecraft:interact_with_crafting_table":19,"minecraft:leave_game":1,"minecraft:time_since_death":83595,"minecraft:climb_one_cm":279,"minecraft:time_since_rest":83595,"minecraft:sprint_one_cm":126374,"minecraft:damage_taken":684,"minecraft:walk_one_cm":152768,"minecraft:drop":51,"minecraft:damage_dealt":412,"minecraft:talked_to_villager":2,"minecraft:swim_one_cm":4186,"minecraft:fly_one_cm":145316,"minecraft:open_chest":21,"minecraft:crouch_one_cm":3751,"minecraft:play_time":83595,"minecraft:sneak_time":3100,"minecraft:walk_under_water_one_cm":1137,"minecraft:jump":1043,"minecraft:walk_on_water_one_cm":6286,"minecraft:total_world_time":83595,"minecraft:fall_one_cm":30818},"minecraft:killed":{"minecraft:sheep":1,"betteranimalsplus:goose":1,"betteranimalsplus:blackbear":1},"minecraft:mined":{"biomesoplenty:jacaranda_leaves":14,"biomesoplenty:jacaranda_planks":7,"minecraft:dark_oak_log":3,"minecraft:crafting_table":2,"minecraft:torch":1,"biomesoplenty:bush":3,"minecraft:polished_andesite_stairs":1,"minecraft:grass_block":6,"minecraft:mushroom_stem":10,"minecraft:tall_grass":2,"minecraft:cobblestone":65,"biomesoplenty:sprout":1,"minecraft:sugar_cane":6,"minecraft:oak_planks":3,"biomesoplenty:magic_planks":2,"biomesoplenty:jacaranda_log":35,"biomesoplenty:magic_leaves":44,"biomesoplenty:tall_lavender":1,"graveyard:oak_coffin":2,"minecraft:mossy_cobblestone_slab":1,"minecraft:iron_ore":26,"biomesoplenty:lavender":37,"minecraft:azure_bluet":9,"biomesoplenty:stripped_magic_log":2,"biomesoplenty:magic_log":59,"biomesoplenty:clover":6,"minecraft:grass":12,"minecraft:coal_ore":58,"minecraft:oak_log":6,"minecraft:cobblestone_slab":1,"minecraft:light_gray_concrete":8,"minecraft:gravel":19,"minecraft:sand":40,"minecraft:dirt":1,"minecraft:red_mushroom_block":83,"minecraft:stone":228,"minecraft:oak_leaves":6},"minecraft:crafted":{"minecraft:light_gray_concrete_powder":8,"minecraft:oak_planks":28,"biomesoplenty:jacaranda_planks":44,"minecraft:crafting_table":2,"minecraft:wooden_pickaxe":1,"minecraft:iron_helmet":1,"minecraft:furnace":2,"minecraft:stone_axe":1,"minecraft:air":0,"aether:iron_gloves":2,"minecraft:iron_boots":1,"minecraft:iron_chestplate":1,"minecraft:shield":2,"minecraft:iron_axe":2,"minecraft:stick":12,"minecraft:iron_shovel":1,"minecraft:iron_ingot":24,"minecraft:iron_pickaxe":1,"minecraft:stone_pickaxe":1,"biomesoplenty:magic_planks":8,"minecraft:light_gray_dye":1,"minecraft:dark_oak_planks":8,"minecraft:torch":8,"cgm:workbench":1},"minecraft:used":{"minecraft:iron_shovel":62,"biomesoplenty:magic_log":2,"cgm:pistol":20,"minecraft:stone_pickaxe":123,"minecraft:oak_planks":3,"minecraft:wooden_pickaxe":17,"graveyard:oak_coffin":1,"minecraft:iron_chestplate":1,"minecraft:torch":9,"betteranimalsplus:goose_egg":1,"minecraft:dirt":5,"cgm:workbench":1,"minecraft:crafting_table":2,"minecraft:light_gray_concrete_powder":8,"biomesoplenty:magic_planks":2,"biomesoplenty:jacaranda_planks":41,"minecraft:dark_oak_log":1,"minecraft:iron_axe":294,"minecraft:polished_andesite_stairs":1,"minecraft:iron_pickaxe":250,"minecraft:iron_helmet":1,"minecraft:gravel":1,"biomesoplenty:jacaranda_log":1,"minecraft:stone_axe":3,"minecraft:cobblestone":103,"minecraft:furnace":2},"minecraft:dropped":{"minecraft:iron_ingot":7,"cgm:pistol":2,"biomesoplenty:magic_sapling":4,"minecraft:raw_iron":6,"minecraft:copper_ingot":8,"biomesoplenty:jacaranda_planks":1,"biomesoplenty:jacaranda_log":4,"minecraft:cobweb":3,"minecraft:gray_wool":1,"minecraft:shield":1,"minecraft:gunpowder":2,"cgm:basic_bullet":64,"aether:iron_gloves":1,"minecraft:iron_chestplate":1,"minecraft:leather_leggings":1,"minecraft:string":8}},"DataVersion":3120}