{
  "minecraft:recipes/decorations/smoker": {
    "criteria": {
      "has_furnace": "2024-05-18 02:25:18 +0000"
    },
    "done": true
  },
  "minecraft:recipes/redstone/lever": {
    "criteria": {
      "has_cobblestone": "2024-05-18 00:08:29 +0000"
    },
    "done": true
  },
  "minecraft:recipes/building_blocks/cobblestone_stairs_from_cobblestone_stonecutting": {
    "criteria": {
      "has_cobblestone": "2024-05-18 00:08:29 +0000"
    },
    "done": true
  },
  "minecraft:recipes/building_blocks/magenta_concrete_powder": {
    "criteria": {
      "has_sand": "2024-05-18 03:31:46 +0000"
    },
    "done": true
  },
  "aether:recipes/combat/netherite_sword_repairing": {
    "criteria": {
      "has_netherite_sword": "2024-05-18 00:11:23 +0000"
    },
    "done": true
  },
  "minecraft:recipes/building_blocks/stone_bricks": {
    "criteria": {
      "has_stone": "2024-05-18 01:01:59 +0000"
    },
    "done": true
  },
  "biomesoplenty:recipes/transportation/willow_boat": {
    "criteria": {
      "in_water": "2024-05-18 00:10:38 +0000"
    },
    "done": true
  },
  "minecraft:recipes/travelersbackpack/dragon_smithing_crafting": {
    "criteria": {
      "has_crafting_upgrade": "2024-05-18 03:15:15 +0000"
    },
    "done": true
  },
  "minecraft:recipes/building_blocks/lime_concrete_powder": {
    "criteria": {
      "has_sand": "2024-05-18 03:31:46 +0000"
    },
    "done": true
  },
  "minecraft:recipes/travelersbackpack/cactus_smithing_crafting": {
    "criteria": {
      "has_crafting_upgrade": "2024-05-18 03:15:15 +0000"
    },
    "done": true
  },
  "minecraft:nether/root": {
    "criteria": {
      "entered_nether": "2024-05-18 02:49:34 +0000"
    },
    "done": true
  },
  "apollyon:it_has_begun": {
    "criteria": {
      "it_has_begun": "2024-05-18 00:24:19 +0000"
    },
    "done": true
  },
  "minecraft:recipes/building_blocks/yellow_concrete_powder": {
    "criteria": {
      "has_sand": "2024-05-18 03:31:46 +0000"
    },
    "done": true
  },
  "minecraft:recipes/travelersbackpack/spider_smithing_crafting": {
    "criteria": {
      "has_crafting_upgrade": "2024-05-18 03:15:15 +0000"
    },
    "done": true
  },
  "minecraft:recipes/combat/leather_helmet": {
    "criteria": {
      "has_leather": "2024-05-18 00:29:22 +0000"
    },
    "done": true
  },
  "minecraft:recipes/redstone/birch_pressure_plate": {
    "criteria": {
      "has_planks": "2024-05-18 01:39:44 +0000"
    },
    "done": true
  },
  "minecraft:recipes/decorations/crafting_table": {
    "criteria": {
      "has_planks": "2024-05-18 01:39:44 +0000"
    },
    "done": true
  },
  "minecraft:recipes/building_blocks/smooth_stone": {
    "criteria": {
      "has_stone": "2024-05-18 01:01:59 +0000"
    },
    "done": true
  },
  "biomesoplenty:recipes/transportation/mahogany_boat": {
    "criteria": {
      "in_water": "2024-05-18 00:10:38 +0000"
    },
    "done": true
  },
  "minecraft:recipes/decorations/chest": {
    "criteria": {
      "has_lots_of_items": "2024-05-18 00:19:27 +0000"
    },
    "done": true
  },
  "aether:recipes/combat/diamond_gloves": {
    "criteria": {
      "has_diamond": "2024-05-18 02:19:44 +0000"
    },
    "done": true
  },
  "minecraft:end/elytra": {
    "criteria": {
      "elytra": "2024-05-18 00:31:00 +0000"
    },
    "done": true
  },
  "minecraft:recipes/building_blocks/stone_slab_from_stone_stonecutting": {
    "criteria": {
      "has_stone": "2024-05-18 01:01:59 +0000"
    },
    "done": true
  },
  "minecraft:recipes/building_blocks/brown_concrete_powder": {
    "criteria": {
      "has_sand": "2024-05-18 03:31:46 +0000"
    },
    "done": true
  },
  "minecraft:recipes/building_blocks/chiseled_stone_bricks_stone_from_stonecutting": {
    "criteria": {
      "has_stone": "2024-05-18 01:01:59 +0000"
    },
    "done": true
  },
  "minecraft:recipes/transportation/mangrove_boat": {
    "criteria": {
      "in_water": "2024-05-18 00:10:38 +0000"
    },
    "done": true
  },
  "minecraft:recipes/travelersbackpack/melon_smithing_crafting": {
    "criteria": {
      "has_crafting_upgrade": "2024-05-18 03:15:15 +0000"
    },
    "done": true
  },
  "minecraft:recipes/decorations/torch": {
    "criteria": {
      "has_stone_pickaxe": "2024-05-18 00:08:40 +0000"
    },
    "done": true
  },
  "minecraft:recipes/travelersbackpack/sponge_smithing_crafting": {
    "criteria": {
      "has_crafting_upgrade": "2024-05-18 03:15:15 +0000"
    },
    "done": true
  },
  "cgm:recipes/cgm/advanced_bullet": {
    "criteria": {
      "has_gunpowder": "2024-05-18 00:21:27 +0000"
    },
    "done": true
  },
  "minecraft:recipes/combat/diamond_sword": {
    "criteria": {
      "has_diamond": "2024-05-18 02:19:44 +0000"
    },
    "done": true
  },
  "minecraft:recipes/travelersbackpack/bookshelf_smithing_crafting": {
    "criteria": {
      "has_crafting_upgrade": "2024-05-18 03:15:15 +0000"
    },
    "done": true
  },
  "minecraft:recipes/travelersbackpack/standard_smithing_crafting": {
    "criteria": {
      "has_crafting_upgrade": "2024-05-18 03:15:15 +0000"
    },
    "done": true
  },
  "biomesoplenty:recipes/transportation/dead_boat": {
    "criteria": {
      "in_water": "2024-05-18 00:10:38 +0000"
    },
    "done": true
  },
  "minecraft:recipes/misc/stick": {
    "criteria": {
      "has_planks": "2024-05-18 01:39:44 +0000"
    },
    "done": true
  },
  "minecraft:recipes/building_blocks/stone_brick_slab_from_stone_stonecutting": {
    "criteria": {
      "has_stone": "2024-05-18 01:01:59 +0000"
    },
    "done": true
  },
  "minecraft:recipes/transportation/spruce_boat": {
    "criteria": {
      "in_water": "2024-05-18 00:10:38 +0000"
    },
    "done": true
  },
  "aether:valkyrie_loot": {
    "criteria": {
      "valkyrie_gloves": "2024-05-18 00:20:06 +0000"
    },
    "done": true
  },
  "minecraft:recipes/decorations/jukebox": {
    "criteria": {
      "has_diamond": "2024-05-18 02:19:44 +0000"
    },
    "done": true
  },
  "minecraft:recipes/tools/flint_and_steel": {
    "criteria": {
      "has_obsidian": "2024-05-18 02:48:13 +0000"
    },
    "done": true
  },
  "minecraft:recipes/misc/firework_rocket_simple": {
    "criteria": {
      "has_gunpowder": "2024-05-18 00:21:27 +0000"
    },
    "done": true
  },
  "minecraft:recipes/redstone/dispenser": {
    "criteria": {
      "has_bow": "2024-05-18 03:44:06 +0000"
    },
    "done": true
  },
  "minecraft:recipes/travelersbackpack/iron_golem_smithing_crafting": {
    "criteria": {
      "has_crafting_upgrade": "2024-05-18 03:15:15 +0000"
    },
    "done": true
  },
  "aether:recipes/transportation/skyroot_boat": {
    "criteria": {
      "in_water": "2024-05-18 00:10:38 +0000"
    },
    "done": true
  },
  "minecraft:recipes/travelersbackpack/bat_smithing_crafting": {
    "criteria": {
      "has_crafting_upgrade": "2024-05-18 03:15:15 +0000"
    },
    "done": true
  },
  "minecraft:husbandry/balanced_diet": {
    "criteria": {
      "cooked_beef": "2024-05-18 03:23:38 +0000",
      "enchanted_golden_apple": "2024-05-18 00:24:42 +0000"
    },
    "done": false
  },
  "apollyon:apollyon": {
    "criteria": {
      "apollyon": "2024-05-18 00:15:32 +0000"
    },
    "done": true
  },
  "minecraft:recipes/building_blocks/cobblestone_slab": {
    "criteria": {
      "has_cobblestone": "2024-05-18 00:08:29 +0000"
    },
    "done": true
  },
  "minecraft:recipes/travelersbackpack/skeleton_smithing_crafting": {
    "criteria": {
      "has_crafting_upgrade": "2024-05-18 03:15:15 +0000"
    },
    "done": true
  },
  "ags_day_counter:tenth_day_advancement": {
    "criteria": {
      "tenth_day_advancement": "2024-05-18 03:10:42 +0000"
    },
    "done": true
  },
  "minecraft:recipes/building_blocks/cobblestone_stairs": {
    "criteria": {
      "has_cobblestone": "2024-05-18 00:08:29 +0000"
    },
    "done": true
  },
  "biomesoplenty:recipes/transportation/magic_boat": {
    "criteria": {
      "in_water": "2024-05-18 00:10:38 +0000"
    },
    "done": true
  },
  "minecraft:recipes/building_blocks/birch_slab": {
    "criteria": {
      "has_planks": "2024-05-18 01:39:44 +0000"
    },
    "done": true
  },
  "aether:recipes/tools/wooden_pickaxe_repairing": {
    "criteria": {
      "has_wooden_pickaxe": "2024-05-18 00:08:44 +0000"
    },
    "done": true
  },
  "apollyon:condemned_to_die": {
    "criteria": {
      "condemned_to_die": "2024-05-18 03:40:43 +0000"
    },
    "done": true
  },
  "aether:recipes/combat/bow_repairing": {
    "criteria": {
      "has_bow": "2024-05-18 03:44:06 +0000"
    },
    "done": true
  },
  "minecraft:recipes/travelersbackpack/fox_smithing_crafting": {
    "criteria": {
      "has_crafting_upgrade": "2024-05-18 03:15:15 +0000"
    },
    "done": true
  },
  "minecraft:recipes/building_blocks/light_gray_concrete_powder": {
    "criteria": {
      "has_sand": "2024-05-18 03:31:46 +0000"
    },
    "done": true
  },
  "minecraft:recipes/building_blocks/light_blue_concrete_powder": {
    "criteria": {
      "has_sand": "2024-05-18 03:31:46 +0000"
    },
    "done": true
  },
  "biomesoplenty:recipes/transportation/cherry_boat": {
    "criteria": {
      "in_water": "2024-05-18 00:10:38 +0000"
    },
    "done": true
  },
  "biomesoplenty:recipes/transportation/fir_boat": {
    "criteria": {
      "in_water": "2024-05-18 00:10:38 +0000"
    },
    "done": true
  },
  "minecraft:recipes/misc/leather_horse_armor": {
    "criteria": {
      "has_leather": "2024-05-18 00:29:22 +0000"
    },
    "done": true
  },
  "minecraft:recipes/combat/leather_leggings": {
    "criteria": {
      "has_leather": "2024-05-18 00:29:22 +0000"
    },
    "done": true
  },
  "minecraft:recipes/building_blocks/glass": {
    "criteria": {
      "has_sand": "2024-05-18 03:31:46 +0000"
    },
    "done": true
  },
  "minecraft:recipes/building_blocks/pink_concrete_powder": {
    "criteria": {
      "has_sand": "2024-05-18 03:31:46 +0000"
    },
    "done": true
  },
  "minecraft:recipes/redstone/tnt": {
    "criteria": {
      "has_gunpowder": "2024-05-18 00:21:27 +0000"
    },
    "done": true
  },
  "minecraft:recipes/food/cooked_chicken_from_smoking": {
    "criteria": {
      "has_chicken": "2024-05-18 03:52:32 +0000"
    },
    "done": true
  },
  "minecraft:recipes/building_blocks/purple_concrete_powder": {
    "criteria": {
      "has_sand": "2024-05-18 03:31:46 +0000"
    },
    "done": true
  },
  "minecraft:recipes/building_blocks/stone_stairs_from_stone_stonecutting": {
    "criteria": {
      "has_stone": "2024-05-18 01:01:59 +0000"
    },
    "done": true
  },
  "cgm:recipes/cgm/grenade": {
    "criteria": {
      "has_gunpowder": "2024-05-18 00:21:27 +0000"
    },
    "done": true
  },
  "minecraft:story/obtain_armor": {
    "criteria": {
      "iron_chestplate": "2024-05-18 02:19:34 +0000"
    },
    "done": true
  },
  "minecraft:recipes/combat/diamond_chestplate": {
    "criteria": {
      "has_diamond": "2024-05-18 02:19:44 +0000"
    },
    "done": true
  },
  "biomesoplenty:biomesoplenty/all_biomes": {
    "criteria": {
      "dryland": "2024-05-17 23:44:51 +0000",
      "lush_desert": "2024-05-18 03:37:37 +0000"
    },
    "done": false
  },
  "minecraft:story/mine_stone": {
    "criteria": {
      "get_stone": "2024-05-18 00:08:29 +0000"
    },
    "done": true
  },
  "minecraft:recipes/travelersbackpack/squid_smithing_crafting": {
    "criteria": {
      "has_crafting_upgrade": "2024-05-18 03:15:15 +0000"
    },
    "done": true
  },
  "minecraft:recipes/travelersbackpack/redstone_smithing_crafting": {
    "criteria": {
      "has_crafting_upgrade": "2024-05-18 03:15:15 +0000"
    },
    "done": true
  },
  "minecraft:recipes/travelersbackpack/snow_smithing_crafting": {
    "criteria": {
      "has_crafting_upgrade": "2024-05-18 03:15:15 +0000"
    },
    "done": true
  },
  "minecraft:recipes/decorations/furnace": {
    "criteria": {
      "has_cobblestone": "2024-05-18 00:08:29 +0000"
    },
    "done": true
  },
  "minecraft:recipes/brewing/cauldron": {
    "criteria": {
      "has_water_bucket": "2024-05-18 02:04:02 +0000"
    },
    "done": true
  },
  "aether:recipes/combat/leather_gloves": {
    "criteria": {
      "has_leather": "2024-05-18 00:29:22 +0000"
    },
    "done": true
  },
  "minecraft:recipes/combat/diamond_leggings": {
    "criteria": {
      "has_diamond": "2024-05-18 02:19:44 +0000"
    },
    "done": true
  },
  "minecraft:recipes/misc/charcoal": {
    "criteria": {
      "has_log": "2024-05-18 00:07:31 +0000"
    },
    "done": true
  },
  "minecraft:adventure/sleep_in_bed": {
    "criteria": {
      "slept_in_bed": "2024-05-18 03:08:28 +0000"
    },
    "done": true
  },
  "minecraft:recipes/building_blocks/sandstone": {
    "criteria": {
      "has_sand": "2024-05-18 03:31:46 +0000"
    },
    "done": true
  },
  "minecraft:recipes/building_blocks/spruce_planks": {
    "criteria": {
      "has_logs": "2024-05-18 01:28:12 +0000"
    },
    "done": true
  },
  "minecraft:recipes/building_blocks/cobblestone_slab_from_cobblestone_stonecutting": {
    "criteria": {
      "has_cobblestone": "2024-05-18 00:08:29 +0000"
    },
    "done": true
  },
  "minecraft:husbandry/root": {
    "criteria": {
      "consumed_item": "2024-05-18 00:24:42 +0000"
    },
    "done": true
  },
  "aether:recipes/combat/iron_helmet_repairing": {
    "criteria": {
      "has_iron_helmet": "2024-05-18 03:09:09 +0000"
    },
    "done": true
  },
  "minecraft:recipes/transportation/birch_boat": {
    "criteria": {
      "in_water": "2024-05-18 00:10:38 +0000"
    },
    "done": true
  },
  "aether:recipes/building_blocks/packed_ice_freezing": {
    "criteria": {
      "has_water_bucket": "2024-05-18 02:04:02 +0000"
    },
    "done": true
  },
  "minecraft:recipes/decorations/enchanting_table": {
    "criteria": {
      "has_obsidian": "2024-05-18 02:48:13 +0000"
    },
    "done": true
  },
  "minecraft:recipes/building_blocks/green_concrete_powder": {
    "criteria": {
      "has_sand": "2024-05-18 03:31:46 +0000"
    },
    "done": true
  },
  "minecraft:recipes/travelersbackpack/magma_cube_smithing_crafting": {
    "criteria": {
      "has_crafting_upgrade": "2024-05-18 03:15:15 +0000"
    },
    "done": true
  },
  "minecraft:recipes/transportation/acacia_boat": {
    "criteria": {
      "in_water": "2024-05-18 00:10:38 +0000"
    },
    "done": true
  },
  "aether:recipes/combat/diamond_sword_repairing": {
    "criteria": {
      "has_diamond_sword": "2024-05-18 03:12:50 +0000"
    },
    "done": true
  },
  "minecraft:recipes/travelersbackpack/diamond_smithing_crafting": {
    "criteria": {
      "has_crafting_upgrade": "2024-05-18 03:15:15 +0000"
    },
    "done": true
  },
  "minecraft:recipes/decorations/birch_sign": {
    "criteria": {
      "has_planks": "2024-05-18 01:39:44 +0000"
    },
    "done": true
  },
  "minecraft:recipes/travelersbackpack/coal_smithing_crafting": {
    "criteria": {
      "has_crafting_upgrade": "2024-05-18 03:15:15 +0000"
    },
    "done": true
  },
  "minecraft:adventure/root": {
    "criteria": {
      "killed_something": "2024-05-18 00:10:38 +0000"
    },
    "done": true
  },
  "minecraft:recipes/travelersbackpack/lapis_smithing_crafting": {
    "criteria": {
      "has_crafting_upgrade": "2024-05-18 03:15:15 +0000"
    },
    "done": true
  },
  "minecraft:recipes/building_blocks/white_concrete_powder": {
    "criteria": {
      "has_sand": "2024-05-18 03:31:46 +0000"
    },
    "done": true
  },
  "minecraft:recipes/decorations/item_frame": {
    "criteria": {
      "has_leather": "2024-05-18 00:29:22 +0000"
    },
    "done": true
  },
  "minecraft:recipes/building_blocks/stone_brick_stairs_from_stone_stonecutting": {
    "criteria": {
      "has_stone": "2024-05-18 01:01:59 +0000"
    },
    "done": true
  },
  "minecraft:recipes/tools/stone_hoe": {
    "criteria": {
      "has_cobblestone": "2024-05-18 00:08:29 +0000"
    },
    "done": true
  },
  "minecraft:recipes/tools/diamond_pickaxe": {
    "criteria": {
      "has_diamond": "2024-05-18 02:19:44 +0000"
    },
    "done": true
  },
  "minecraft:recipes/tools/diamond_hoe": {
    "criteria": {
      "has_diamond": "2024-05-18 02:19:44 +0000"
    },
    "done": true
  },
  "minecraft:adventure/kill_all_mobs": {
    "criteria": {
      "minecraft:skeleton": "2024-05-18 03:25:46 +0000",
      "minecraft:spider": "2024-05-18 03:23:29 +0000",
      "minecraft:creeper": "2024-05-18 00:21:25 +0000",
      "minecraft:zombie": "2024-05-18 03:46:11 +0000",
      "minecraft:zombie_villager": "2024-05-18 03:25:25 +0000"
    },
    "done": false
  },
  "minecraft:recipes/tools/diamond_shovel": {
    "criteria": {
      "has_diamond": "2024-05-18 02:19:44 +0000"
    },
    "done": true
  },
  "minecraft:story/enter_the_nether": {
    "criteria": {
      "entered_nether": "2024-05-18 02:49:34 +0000"
    },
    "done": true
  },
  "minecraft:recipes/travelersbackpack/end_smithing_crafting": {
    "criteria": {
      "has_crafting_upgrade": "2024-05-18 03:15:15 +0000"
    },
    "done": true
  },
  "aether:recipes/combat/shield_repairing": {
    "criteria": {
      "has_shield": "2024-05-18 03:24:14 +0000"
    },
    "done": true
  },
  "minecraft:recipes/food/cooked_beef_from_smoking": {
    "criteria": {
      "has_beef": "2024-05-18 00:29:22 +0000"
    },
    "done": true
  },
  "minecraft:recipes/food/cooked_chicken_from_campfire_cooking": {
    "criteria": {
      "has_chicken": "2024-05-18 03:52:32 +0000"
    },
    "done": true
  },
  "aether:recipes/decorations/skyroot_jukebox": {
    "criteria": {
      "has_diamond": "2024-05-18 02:19:44 +0000"
    },
    "done": true
  },
  "minecraft:recipes/misc/iron_nugget_from_smelting": {
    "criteria": {
      "has_iron_pickaxe": "2024-05-18 00:08:46 +0000"
    },
    "done": true
  },
  "minecraft:recipes/travelersbackpack/hay_smithing_crafting": {
    "criteria": {
      "has_crafting_upgrade": "2024-05-18 03:15:15 +0000"
    },
    "done": true
  },
  "minecraft:recipes/redstone/birch_door": {
    "criteria": {
      "has_planks": "2024-05-18 01:39:44 +0000"
    },
    "done": true
  },
  "cgm:recipes/cgm/stun_grenade": {
    "criteria": {
      "has_gunpowder": "2024-05-18 00:21:27 +0000"
    },
    "done": true
  },
  "biomesoplenty:recipes/misc/red_dye_from_rose": {
    "criteria": {
      "has_flower": "2024-05-18 02:22:49 +0000"
    },
    "done": true
  },
  "minecraft:story/mine_diamond": {
    "criteria": {
      "diamond": "2024-05-18 02:19:44 +0000"
    },
    "done": true
  },
  "minecraft:story/upgrade_tools": {
    "criteria": {
      "stone_pickaxe": "2024-05-18 00:08:40 +0000"
    },
    "done": true
  },
  "minecraft:recipes/travelersbackpack/netherite_smithing_crafting": {
    "criteria": {
      "has_crafting_upgrade": "2024-05-18 03:15:15 +0000"
    },
    "done": true
  },
  "minecraft:recipes/combat/diamond_helmet": {
    "criteria": {
      "has_diamond": "2024-05-18 02:19:44 +0000"
    },
    "done": true
  },
  "aether:recipes/tools/aether_saddle": {
    "criteria": {
      "has_leather": "2024-05-18 00:29:22 +0000"
    },
    "done": true
  },
  "ags_day_counter:firts_day_advancement": {
    "criteria": {
      "firts_day_advancement": "2024-05-17 23:44:49 +0000"
    },
    "done": true
  },
  "minecraft:recipes/transportation/oak_boat": {
    "criteria": {
      "in_water": "2024-05-18 00:10:38 +0000"
    },
    "done": true
  },
  "minecraft:recipes/decorations/birch_fence": {
    "criteria": {
      "has_planks": "2024-05-18 01:39:44 +0000"
    },
    "done": true
  },
  "minecraft:recipes/travelersbackpack/quartz_smithing_crafting": {
    "criteria": {
      "has_crafting_upgrade": "2024-05-18 03:15:15 +0000"
    },
    "done": true
  },
  "minecraft:recipes/food/cooked_porkchop": {
    "criteria": {
      "has_porkchop": "2024-05-18 03:20:46 +0000"
    },
    "done": true
  },
  "minecraft:recipes/building_blocks/orange_concrete_powder": {
    "criteria": {
      "has_sand": "2024-05-18 03:31:46 +0000"
    },
    "done": true
  },
  "minecraft:recipes/building_blocks/cyan_concrete_powder": {
    "criteria": {
      "has_sand": "2024-05-18 03:31:46 +0000"
    },
    "done": true
  },
  "minecraft:recipes/food/cooked_porkchop_from_campfire_cooking": {
    "criteria": {
      "has_porkchop": "2024-05-18 03:20:46 +0000"
    },
    "done": true
  },
  "minecraft:recipes/travelersbackpack/wolf_smithing_crafting": {
    "criteria": {
      "has_crafting_upgrade": "2024-05-18 03:15:15 +0000"
    },
    "done": true
  },
  "minecraft:recipes/building_blocks/stone_bricks_from_stone_stonecutting": {
    "criteria": {
      "has_stone": "2024-05-18 01:01:59 +0000"
    },
    "done": true
  },
  "biomesoplenty:recipes/transportation/umbran_boat": {
    "criteria": {
      "in_water": "2024-05-18 00:10:38 +0000"
    },
    "done": true
  },
  "biomesoplenty:recipes/transportation/palm_boat": {
    "criteria": {
      "in_water": "2024-05-18 00:10:38 +0000"
    },
    "done": true
  },
  "minecraft:recipes/tools/diamond_axe": {
    "criteria": {
      "has_diamond": "2024-05-18 02:19:44 +0000"
    },
    "done": true
  },
  "aether:recipes/combat/diamond_gloves_repairing": {
    "criteria": {
      "has_diamond_gloves": "2024-05-18 03:09:28 +0000"
    },
    "done": true
  },
  "biomesoplenty:recipes/transportation/redwood_boat": {
    "criteria": {
      "in_water": "2024-05-18 00:10:38 +0000"
    },
    "done": true
  },
  "minecraft:recipes/travelersbackpack/ocelot_smithing_crafting": {
    "criteria": {
      "has_crafting_upgrade": "2024-05-18 03:15:15 +0000"
    },
    "done": true
  },
  "minecraft:recipes/redstone/birch_button": {
    "criteria": {
      "has_planks": "2024-05-18 01:39:44 +0000"
    },
    "done": true
  },
  "minecraft:recipes/travelersbackpack/villager_smithing_crafting": {
    "criteria": {
      "has_crafting_upgrade": "2024-05-18 03:15:15 +0000"
    },
    "done": true
  },
  "minecraft:recipes/travelersbackpack/pumpkin_smithing_crafting": {
    "criteria": {
      "has_crafting_upgrade": "2024-05-18 03:15:15 +0000"
    },
    "done": true
  },
  "mcwfurnitures:recipes/spruce": {
    "criteria": {
      "has_wood": "2024-05-18 01:28:12 +0000"
    },
    "done": true
  },
  "aether:recipes/tools/iron_hoe_repairing": {
    "criteria": {
      "has_iron_hoe": "2024-05-18 03:20:10 +0000"
    },
    "done": true
  },
  "minecraft:recipes/building_blocks/stone_slab": {
    "criteria": {
      "has_stone": "2024-05-18 01:01:59 +0000"
    },
    "done": true
  },
  "minecraft:recipes/combat/arrow": {
    "criteria": {
      "has_feather": "2024-05-18 03:52:25 +0000"
    },
    "done": true
  },
  "minecraft:recipes/building_blocks/spruce_wood": {
    "criteria": {
      "has_log": "2024-05-18 01:28:12 +0000"
    },
    "done": true
  },
  "aether:recipes/tools/diamond_shovel_repairing": {
    "criteria": {
      "has_diamond_shovel": "2024-05-18 03:20:04 +0000"
    },
    "done": true
  },
  "aether:recipes/building_blocks/blue_ice_freezing": {
    "criteria": {
      "has_water_bucket": "2024-05-18 02:04:02 +0000"
    },
    "done": true
  },
  "minecraft:recipes/travelersbackpack/iron_smithing_crafting": {
    "criteria": {
      "has_crafting_upgrade": "2024-05-18 03:15:15 +0000"
    },
    "done": true
  },
  "minecraft:recipes/tools/stone_shovel": {
    "criteria": {
      "has_cobblestone": "2024-05-18 00:08:29 +0000"
    },
    "done": true
  },
  "minecraft:recipes/building_blocks/oak_planks": {
    "criteria": {
      "has_logs": "2024-05-18 00:07:31 +0000"
    },
    "done": true
  },
  "minecraft:recipes/travelersbackpack/gold_smithing_crafting": {
    "criteria": {
      "has_crafting_upgrade": "2024-05-18 03:15:15 +0000"
    },
    "done": true
  },
  "minecraft:recipes/building_blocks/blue_concrete_powder": {
    "criteria": {
      "has_sand": "2024-05-18 03:31:46 +0000"
    },
    "done": true
  },
  "aether:recipes/tools/diamond_pickaxe_repairing": {
    "criteria": {
      "has_diamond_pickaxe": "2024-05-18 02:19:48 +0000"
    },
    "done": true
  },
  "minecraft:recipes/travelersbackpack/pig_smithing_crafting": {
    "criteria": {
      "has_crafting_upgrade": "2024-05-18 03:15:15 +0000"
    },
    "done": true
  },
  "minecraft:recipes/building_blocks/gray_concrete_powder": {
    "criteria": {
      "has_sand": "2024-05-18 03:31:46 +0000"
    },
    "done": true
  },
  "minecraft:recipes/travelersbackpack/emerald_smithing_crafting": {
    "criteria": {
      "has_crafting_upgrade": "2024-05-18 03:15:15 +0000"
    },
    "done": true
  },
  "mcwfurnitures:recipes/oak": {
    "criteria": {
      "has_wood": "2024-05-18 00:07:31 +0000"
    },
    "done": true
  },
  "ags_day_counter:day_counter_root_advancement": {
    "criteria": {
      "day_counter_root_advancement": "2024-05-17 23:44:49 +0000"
    },
    "done": true
  },
  "minecraft:recipes/travelersbackpack/enderman_smithing_crafting": {
    "criteria": {
      "has_crafting_upgrade": "2024-05-18 03:15:15 +0000"
    },
    "done": true
  },
  "cgm:recipes/cgm/basic_bullet": {
    "criteria": {
      "has_gunpowder": "2024-05-18 00:21:27 +0000"
    },
    "done": true
  },
  "minecraft:recipes/misc/black_dye_from_wither_rose": {
    "criteria": {
      "has_wither_rose": "2024-05-18 00:15:47 +0000"
    },
    "done": true
  },
  "minecraft:recipes/misc/bone_meal": {
    "criteria": {
      "has_bone": "2024-05-18 00:29:14 +0000"
    },
    "done": true
  },
  "minecraft:recipes/travelersbackpack/chicken_smithing_crafting": {
    "criteria": {
      "has_crafting_upgrade": "2024-05-18 03:15:15 +0000"
    },
    "done": true
  },
  "biomesoplenty:biomesoplenty/root": {
    "criteria": {
      "dryland": "2024-05-17 23:44:51 +0000"
    },
    "done": true
  },
  "aether:recipes/tools/stone_pickaxe_repairing": {
    "criteria": {
      "has_stone_pickaxe": "2024-05-18 00:08:40 +0000"
    },
    "done": true
  },
  "minecraft:recipes/building_blocks/black_concrete_powder": {
    "criteria": {
      "has_sand": "2024-05-18 03:31:46 +0000"
    },
    "done": true
  },
  "aether:recipes/decorations/skyroot_grindstone": {
    "criteria": {
      "has_stone_slab": "2024-05-18 00:51:11 +0000"
    },
    "done": true
  },
  "minecraft:story/iron_tools": {
    "criteria": {
      "iron_pickaxe": "2024-05-18 00:08:46 +0000"
    },
    "done": true
  },
  "minecraft:recipes/building_blocks/oak_wood": {
    "criteria": {
      "has_log": "2024-05-18 00:07:31 +0000"
    },
    "done": true
  },
  "minecraft:recipes/redstone/birch_fence_gate": {
    "criteria": {
      "has_planks": "2024-05-18 01:39:44 +0000"
    },
    "done": true
  },
  "minecraft:story/root": {
    "criteria": {
      "crafting_table": "2024-05-18 02:17:40 +0000"
    },
    "done": true
  },
  "aether:recipes/combat/iron_boots_repairing": {
    "criteria": {
      "has_iron_boots": "2024-05-18 03:09:13 +0000"
    },
    "done": true
  },
  "minecraft:recipes/redstone/stone_button": {
    "criteria": {
      "has_stone": "2024-05-18 01:01:59 +0000"
    },
    "done": true
  },
  "aether:recipes/tools/iron_pickaxe_repairing": {
    "criteria": {
      "has_iron_pickaxe": "2024-05-18 00:08:46 +0000"
    },
    "done": true
  },
  "cgm:recipes/cgm/shell": {
    "criteria": {
      "has_gunpowder": "2024-05-18 00:21:27 +0000"
    },
    "done": true
  },
  "minecraft:recipes/misc/coal": {
    "criteria": {
      "has_coal_block": "2024-05-18 03:08:05 +0000"
    },
    "done": true
  },
  "minecraft:recipes/travelersbackpack/nether_smithing_crafting": {
    "criteria": {
      "has_crafting_upgrade": "2024-05-18 03:15:15 +0000"
    },
    "done": true
  },
  "minecraft:recipes/food/cooked_porkchop_from_smoking": {
    "criteria": {
      "has_porkchop": "2024-05-18 03:20:46 +0000"
    },
    "done": true
  },
  "aether:recipes/combat/zanite_ring_repairing": {
    "criteria": {
      "has_zanite_ring": "2024-05-18 00:20:25 +0000"
    },
    "done": true
  },
  "minecraft:story/form_obsidian": {
    "criteria": {
      "obsidian": "2024-05-18 02:48:13 +0000"
    },
    "done": true
  },
  "aether:recipes/building_blocks/ice_from_bucket_freezing": {
    "criteria": {
      "has_water_bucket": "2024-05-18 02:04:02 +0000"
    },
    "done": true
  },
  "aether:recipes/tools/diamond_axe_repairing": {
    "criteria": {
      "has_diamond_axe": "2024-05-18 03:20:01 +0000"
    },
    "done": true
  },
  "minecraft:recipes/building_blocks/red_concrete_powder": {
    "criteria": {
      "has_sand": "2024-05-18 03:31:46 +0000"
    },
    "done": true
  },
  "minecraft:recipes/misc/iron_nugget_from_blasting": {
    "criteria": {
      "has_iron_pickaxe": "2024-05-18 00:08:46 +0000"
    },
    "done": true
  },
  "spore:spore": {
    "criteria": {
      "requirement": "2024-05-18 00:24:36 +0000"
    },
    "done": true
  },
  "minecraft:recipes/combat/leather_chestplate": {
    "criteria": {
      "has_leather": "2024-05-18 00:29:22 +0000"
    },
    "done": true
  },
  "aether:recipes/decorations/skyroot_barrel": {
    "criteria": {
      "has_slabs": "2024-05-18 00:51:04 +0000"
    },
    "done": true
  },
  "minecraft:recipes/travelersbackpack/cake_smithing_crafting": {
    "criteria": {
      "has_crafting_upgrade": "2024-05-18 03:15:15 +0000"
    },
    "done": true
  },
  "minecraft:adventure/kill_a_mob": {
    "criteria": {
      "minecraft:creeper": "2024-05-18 00:21:25 +0000"
    },
    "done": true
  },
  "man:feelingwatched": {
    "criteria": {
      "feelingwatched": "2024-05-18 00:21:51 +0000"
    },
    "done": true
  },
  "minecraft:recipes/travelersbackpack/sandstone_smithing_crafting": {
    "criteria": {
      "has_crafting_upgrade": "2024-05-18 03:15:15 +0000"
    },
    "done": true
  },
  "minecraft:recipes/travelersbackpack/bee_smithing_crafting": {
    "criteria": {
      "has_crafting_upgrade": "2024-05-18 03:15:15 +0000"
    },
    "done": true
  },
  "aether:recipes/combat/iron_chestplate_repairing": {
    "criteria": {
      "has_iron_chestplate": "2024-05-18 02:19:34 +0000"
    },
    "done": true
  },
  "minecraft:recipes/travelersbackpack/horse_smithing_crafting": {
    "criteria": {
      "has_crafting_upgrade": "2024-05-18 03:15:15 +0000"
    },
    "done": true
  },
  "minecraft:recipes/building_blocks/stone": {
    "criteria": {
      "has_cobblestone": "2024-05-18 00:08:29 +0000"
    },
    "done": true
  },
  "biomesoplenty:recipes/transportation/hellbark_boat": {
    "criteria": {
      "in_water": "2024-05-18 00:10:38 +0000"
    },
    "done": true
  },
  "minecraft:recipes/decorations/stonecutter": {
    "criteria": {
      "has_stone": "2024-05-18 01:01:59 +0000"
    },
    "done": true
  },
  "minecraft:recipes/food/cooked_beef": {
    "criteria": {
      "has_beef": "2024-05-18 00:29:22 +0000"
    },
    "done": true
  },
  "cgm:recipes/cgm/missile": {
    "criteria": {
      "has_gunpowder": "2024-05-18 00:21:27 +0000"
    },
    "done": true
  },
  "minecraft:adventure/adventuring_time": {
    "criteria": {
      "minecraft:river": "2024-05-18 00:31:17 +0000"
    },
    "done": false
  },
  "minecraft:recipes/decorations/composter": {
    "criteria": {
      "has_wood_slab": "2024-05-18 00:51:04 +0000"
    },
    "done": true
  },
  "minecraft:recipes/combat/stone_sword": {
    "criteria": {
      "has_cobblestone": "2024-05-18 00:08:29 +0000"
    },
    "done": true
  },
  "minecraft:recipes/travelersbackpack/cow_smithing_crafting": {
    "criteria": {
      "has_crafting_upgrade": "2024-05-18 03:15:15 +0000"
    },
    "done": true
  },
  "minecraft:recipes/decorations/cobblestone_wall": {
    "criteria": {
      "has_cobblestone": "2024-05-18 00:08:29 +0000"
    },
    "done": true
  },
  "apollyon:back_to_hell": {
    "criteria": {
      "back_to_hell": "2024-05-18 00:15:45 +0000"
    },
    "done": true
  },
  "minecraft:recipes/decorations/barrel": {
    "criteria": {
      "has_wood_slab": "2024-05-18 00:51:04 +0000"
    },
    "done": true
  },
  "minecraft:recipes/tools/stone_pickaxe": {
    "criteria": {
      "has_cobblestone": "2024-05-18 00:08:29 +0000"
    },
    "done": true
  },
  "betteranimalsplus:root": {
    "criteria": {
      "tick": "2024-05-17 23:44:49 +0000"
    },
    "done": true
  },
  "aether:recipes/decorations/skyroot_chest": {
    "criteria": {
      "has_lots_of_items": "2024-05-18 00:19:27 +0000"
    },
    "done": true
  },
  "minecraft:recipes/travelersbackpack/wither_smithing_crafting": {
    "criteria": {
      "has_crafting_upgrade": "2024-05-18 03:15:15 +0000"
    },
    "done": true
  },
  "minecraft:recipes/redstone/stone_pressure_plate": {
    "criteria": {
      "has_stone": "2024-05-18 01:01:59 +0000"
    },
    "done": true
  },
  "minecraft:recipes/combat/leather_boots": {
    "criteria": {
      "has_leather": "2024-05-18 00:29:22 +0000"
    },
    "done": true
  },
  "minecraft:recipes/transportation/jungle_boat": {
    "criteria": {
      "in_water": "2024-05-18 00:10:38 +0000"
    },
    "done": true
  },
  "minecraft:recipes/decorations/cobblestone_wall_from_cobblestone_stonecutting": {
    "criteria": {
      "has_cobblestone": "2024-05-18 00:08:29 +0000"
    },
    "done": true
  },
  "minecraft:adventure/shoot_arrow": {
    "criteria": {
      "shot_arrow": "2024-05-18 03:44:23 +0000"
    },
    "done": true
  },
  "minecraft:recipes/decorations/stone_brick_walls_from_stone_stonecutting": {
    "criteria": {
      "has_stone": "2024-05-18 01:01:59 +0000"
    },
    "done": true
  },
  "minecraft:recipes/building_blocks/birch_stairs": {
    "criteria": {
      "has_planks": "2024-05-18 01:39:44 +0000"
    },
    "done": true
  },
  "minecraft:recipes/decorations/grindstone": {
    "criteria": {
      "has_stone_slab": "2024-05-18 00:51:11 +0000"
    },
    "done": true
  },
  "aether:recipes/combat/golden_dart": {
    "criteria": {
      "has_feather": "2024-05-18 03:52:25 +0000"
    },
    "done": true
  },
  "minecraft:recipes/building_blocks/diamond_block": {
    "criteria": {
      "has_diamond": "2024-05-18 02:19:44 +0000"
    },
    "done": true
  },
  "minecraft:recipes/transportation/dark_oak_boat": {
    "criteria": {
      "in_water": "2024-05-18 00:10:38 +0000"
    },
    "done": true
  },
  "aether:regen_stone": {
    "criteria": {
      "regen_stone": "2024-05-18 00:20:50 +0000"
    },
    "done": true
  },
  "aether:recipes/combat/iron_leggings_repairing": {
    "criteria": {
      "has_iron_leggings": "2024-05-18 03:06:34 +0000"
    },
    "done": true
  },
  "minecraft:recipes/misc/mojang_banner_pattern": {
    "criteria": {
      "has_enchanted_golden_apple": "2024-05-18 00:24:26 +0000"
    },
    "done": true
  },
  "minecraft:recipes/redstone/birch_trapdoor": {
    "criteria": {
      "has_planks": "2024-05-18 01:39:44 +0000"
    },
    "done": true
  },
  "minecraft:recipes/building_blocks/stone_stairs": {
    "criteria": {
      "has_stone": "2024-05-18 01:01:59 +0000"
    },
    "done": true
  },
  "biomesoplenty:recipes/transportation/jacaranda_boat": {
    "criteria": {
      "in_water": "2024-05-18 00:10:38 +0000"
    },
    "done": true
  },
  "minecraft:nether/explore_nether": {
    "criteria": {
      "minecraft:nether_wastes": "2024-05-18 02:49:35 +0000"
    },
    "done": false
  },
  "minecraft:recipes/travelersbackpack/ghast_smithing_crafting": {
    "criteria": {
      "has_crafting_upgrade": "2024-05-18 03:15:15 +0000"
    },
    "done": true
  },
  "betteranimalsplus:bad_fox": {
    "criteria": {
      "no_bam": "2024-05-17 23:44:50 +0000"
    },
    "done": false
  },
  "minecraft:recipes/building_blocks/stripped_spruce_wood": {
    "criteria": {
      "has_log": "2024-05-18 01:28:21 +0000"
    },
    "done": true
  },
  "minecraft:recipes/food/cooked_beef_from_campfire_cooking": {
    "criteria": {
      "has_beef": "2024-05-18 00:29:22 +0000"
    },
    "done": true
  },
  "minecraft:recipes/combat/diamond_boots": {
    "criteria": {
      "has_diamond": "2024-05-18 02:19:44 +0000"
    },
    "done": true
  },
  "minecraft:recipes/travelersbackpack/creeper_smithing_crafting": {
    "criteria": {
      "has_crafting_upgrade": "2024-05-18 03:15:15 +0000"
    },
    "done": true
  },
  "minecraft:recipes/food/cooked_chicken": {
    "criteria": {
      "has_chicken": "2024-05-18 03:52:32 +0000"
    },
    "done": true
  },
  "minecraft:recipes/tools/stone_axe": {
    "criteria": {
      "has_cobblestone": "2024-05-18 00:08:29 +0000"
    },
    "done": true
  },
  "minecraft:recipes/travelersbackpack/blaze_smithing_crafting": {
    "criteria": {
      "has_crafting_upgrade": "2024-05-18 03:15:15 +0000"
    },
    "done": true
  },
  "minecraft:recipes/travelersbackpack/sheep_smithing_crafting": {
    "criteria": {
      "has_crafting_upgrade": "2024-05-18 03:15:15 +0000"
    },
    "done": true
  },
  "DataVersion": 3120
}